2,64,126,63,3907,3908
3,65,64,1,3908,3909
4,66,65,2,3909,3910
5,67,66,3,3910,3911
6,68,67,4,3911,3912
7,69,68,5,3912,3913
8,70,69,6,3913,3914
9,71,70,7,3914,3915
10,72,71,8,3915,3916
11,73,72,9,3916,3917
12,74,73,10,3917,3918
13,75,74,11,3918,3919
14,76,75,12,3919,3920
15,77,76,13,3920,3921
16,78,77,14,3921,3922
17,79,78,15,3922,3923
18,80,79,16,3923,3924
19,81,80,17,3924,3925
20,82,81,18,3925,3926
21,83,82,19,3926,3927
22,84,83,20,3927,3928
23,85,84,21,3928,3929
24,86,85,22,3929,3930
25,87,86,23,3930,3931
26,88,87,24,3931,3932
27,89,88,25,3932,3933
28,90,89,26,3933,3934
29,91,90,27,3934,3935
30,92,91,28,3935,3936
31,93,92,29,3936,3937
32,94,93,30,3937,3938
33,95,94,31,3938,3939
34,96,95,32,3939,3940
35,97,96,33,3940,3941
36,98,97,34,3941,3942
37,99,98,35,3942,3943
38,100,99,36,3943,3944
39,101,100,37,3944,3945
40,102,101,38,3945,3946
41,103,102,39,3946,3947
42,104,103,40,3947,3948
43,105,104,41,3948,3949
44,106,105,42,3949,3950
45,107,106,43,3950,3951
46,108,107,44,3951,3952
47,109,108,45,3952,3953
48,110,109,46,3953,3954
49,111,110,47,3954,3955
50,112,111,48,3955,3956
51,113,112,49,3956,3957
52,114,113,50,3957,3958
53,115,114,51,3958,3959
54,116,115,52,3959,3960
55,117,116,53,3960,3961
56,118,117,54,3961,3962
57,119,118,55,3962,3963
58,120,119,56,3963,3964
59,121,120,57,3964,3965
60,122,121,58,3965,3966
61,123,122,59,3966,3967
62,124,123,60,3967,3968
63,125,124,61,3968,3969
1,126,125,62,3969,3907
65,127,189,126,1,2
66,128,127,64,2,3
67,129,128,65,3,4
68,130,129,66,4,5
69,131,130,67,5,6
70,132,131,68,6,7
71,133,132,69,7,8
72,134,133,70,8,9
73,135,134,71,9,10
74,136,135,72,10,11
75,137,136,73,11,12
76,138,137,74,12,13
77,139,138,75,13,14
78,140,139,76,14,15
79,141,140,77,15,16
80,142,141,78,16,17
81,143,142,79,17,18
82,144,143,80,18,19
83,145,144,81,19,20
84,146,145,82,20,21
85,147,146,83,21,22
86,148,147,84,22,23
87,149,148,85,23,24
88,150,149,86,24,25
89,151,150,87,25,26
90,152,151,88,26,27
91,153,152,89,27,28
92,154,153,90,28,29
93,155,154,91,29,30
94,156,155,92,30,31
95,157,156,93,31,32
96,158,157,94,32,33
97,159,158,95,33,34
98,160,159,96,34,35
99,161,160,97,35,36
100,162,161,98,36,37
101,163,162,99,37,38
102,164,163,100,38,39
103,165,164,101,39,40
104,166,165,102,40,41
105,167,166,103,41,42
106,168,167,104,42,43
107,169,168,105,43,44
108,170,169,106,44,45
109,171,170,107,45,46
110,172,171,108,46,47
111,173,172,109,47,48
112,174,173,110,48,49
113,175,174,111,49,50
114,176,175,112,50,51
115,177,176,113,51,52
116,178,177,114,52,53
117,179,178,115,53,54
118,180,179,116,54,55
119,181,180,117,55,56
120,182,181,118,56,57
121,183,182,119,57,58
122,184,183,120,58,59
123,185,184,121,59,60
124,186,185,122,60,61
125,187,186,123,61,62
126,188,187,124,62,63
64,189,188,125,63,1
128,190,252,189,64,65
129,191,190,127,65,66
130,192,191,128,66,67
131,193,192,129,67,68
132,194,193,130,68,69
133,195,194,131,69,70
134,196,195,132,70,71
135,197,196,133,71,72
136,198,197,134,72,73
137,199,198,135,73,74
138,200,199,136,74,75
139,201,200,137,75,76
140,202,201,138,76,77
141,203,202,139,77,78
142,204,203,140,78,79
143,205,204,141,79,80
144,206,205,142,80,81
145,207,206,143,81,82
146,208,207,144,82,83
147,209,208,145,83,84
148,210,209,146,84,85
149,211,210,147,85,86
150,212,211,148,86,87
151,213,212,149,87,88
152,214,213,150,88,89
153,215,214,151,89,90
154,216,215,152,90,91
155,217,216,153,91,92
156,218,217,154,92,93
157,219,218,155,93,94
158,220,219,156,94,95
159,221,220,157,95,96
160,222,221,158,96,97
161,223,222,159,97,98
162,224,223,160,98,99
163,225,224,161,99,100
164,226,225,162,100,101
165,227,226,163,101,102
166,228,227,164,102,103
167,229,228,165,103,104
168,230,229,166,104,105
169,231,230,167,105,106
170,232,231,168,106,107
171,233,232,169,107,108
172,234,233,170,108,109
173,235,234,171,109,110
174,236,235,172,110,111
175,237,236,173,111,112
176,238,237,174,112,113
177,239,238,175,113,114
178,240,239,176,114,115
179,241,240,177,115,116
180,242,241,178,116,117
181,243,242,179,117,118
182,244,243,180,118,119
183,245,244,181,119,120
184,246,245,182,120,121
185,247,246,183,121,122
186,248,247,184,122,123
187,249,248,185,123,124
188,250,249,186,124,125
189,251,250,187,125,126
127,252,251,188,126,64
191,253,315,252,127,128
192,254,253,190,128,129
193,255,254,191,129,130
194,256,255,192,130,131
195,257,256,193,131,132
196,258,257,194,132,133
197,259,258,195,133,134
198,260,259,196,134,135
199,261,260,197,135,136
200,262,261,198,136,137
201,263,262,199,137,138
202,264,263,200,138,139
203,265,264,201,139,140
204,266,265,202,140,141
205,267,266,203,141,142
206,268,267,204,142,143
207,269,268,205,143,144
208,270,269,206,144,145
209,271,270,207,145,146
210,272,271,208,146,147
211,273,272,209,147,148
212,274,273,210,148,149
213,275,274,211,149,150
214,276,275,212,150,151
215,277,276,213,151,152
216,278,277,214,152,153
217,279,278,215,153,154
218,280,279,216,154,155
219,281,280,217,155,156
220,282,281,218,156,157
221,283,282,219,157,158
222,284,283,220,158,159
223,285,284,221,159,160
224,286,285,222,160,161
225,287,286,223,161,162
226,288,287,224,162,163
227,289,288,225,163,164
228,290,289,226,164,165
229,291,290,227,165,166
230,292,291,228,166,167
231,293,292,229,167,168
232,294,293,230,168,169
233,295,294,231,169,170
234,296,295,232,170,171
235,297,296,233,171,172
236,298,297,234,172,173
237,299,298,235,173,174
238,300,299,236,174,175
239,301,300,237,175,176
240,302,301,238,176,177
241,303,302,239,177,178
242,304,303,240,178,179
243,305,304,241,179,180
244,306,305,242,180,181
245,307,306,243,181,182
246,308,307,244,182,183
247,309,308,245,183,184
248,310,309,246,184,185
249,311,310,247,185,186
250,312,311,248,186,187
251,313,312,249,187,188
252,314,313,250,188,189
190,315,314,251,189,127
254,316,378,315,190,191
255,317,316,253,191,192
256,318,317,254,192,193
257,319,318,255,193,194
258,320,319,256,194,195
259,321,320,257,195,196
260,322,321,258,196,197
261,323,322,259,197,198
262,324,323,260,198,199
263,325,324,261,199,200
264,326,325,262,200,201
265,327,326,263,201,202
266,328,327,264,202,203
267,329,328,265,203,204
268,330,329,266,204,205
269,331,330,267,205,206
270,332,331,268,206,207
271,333,332,269,207,208
272,334,333,270,208,209
273,335,334,271,209,210
274,336,335,272,210,211
275,337,336,273,211,212
276,338,337,274,212,213
277,339,338,275,213,214
278,340,339,276,214,215
279,341,340,277,215,216
280,342,341,278,216,217
281,343,342,279,217,218
282,344,343,280,218,219
283,345,344,281,219,220
284,346,345,282,220,221
285,347,346,283,221,222
286,348,347,284,222,223
287,349,348,285,223,224
288,350,349,286,224,225
289,351,350,287,225,226
290,352,351,288,226,227
291,353,352,289,227,228
292,354,353,290,228,229
293,355,354,291,229,230
294,356,355,292,230,231
295,357,356,293,231,232
296,358,357,294,232,233
297,359,358,295,233,234
298,360,359,296,234,235
299,361,360,297,235,236
300,362,361,298,236,237
301,363,362,299,237,238
302,364,363,300,238,239
303,365,364,301,239,240
304,366,365,302,240,241
305,367,366,303,241,242
306,368,367,304,242,243
307,369,368,305,243,244
308,370,369,306,244,245
309,371,370,307,245,246
310,372,371,308,246,247
311,373,372,309,247,248
312,374,373,310,248,249
313,375,374,311,249,250
314,376,375,312,250,251
315,377,376,313,251,252
253,378,377,314,252,190
317,379,441,378,253,254
318,380,379,316,254,255
319,381,380,317,255,256
320,382,381,318,256,257
321,383,382,319,257,258
322,384,383,320,258,259
323,385,384,321,259,260
324,386,385,322,260,261
325,387,386,323,261,262
326,388,387,324,262,263
327,389,388,325,263,264
328,390,389,326,264,265
329,391,390,327,265,266
330,392,391,328,266,267
331,393,392,329,267,268
332,394,393,330,268,269
333,395,394,331,269,270
334,396,395,332,270,271
335,397,396,333,271,272
336,398,397,334,272,273
337,399,398,335,273,274
338,400,399,336,274,275
339,401,400,337,275,276
340,402,401,338,276,277
341,403,402,339,277,278
342,404,403,340,278,279
343,405,404,341,279,280
344,406,405,342,280,281
345,407,406,343,281,282
346,408,407,344,282,283
347,409,408,345,283,284
348,410,409,346,284,285
349,411,410,347,285,286
350,412,411,348,286,287
351,413,412,349,287,288
352,414,413,350,288,289
353,415,414,351,289,290
354,416,415,352,290,291
355,417,416,353,291,292
356,418,417,354,292,293
357,419,418,355,293,294
358,420,419,356,294,295
359,421,420,357,295,296
360,422,421,358,296,297
361,423,422,359,297,298
362,424,423,360,298,299
363,425,424,361,299,300
364,426,425,362,300,301
365,427,426,363,301,302
366,428,427,364,302,303
367,429,428,365,303,304
368,430,429,366,304,305
369,431,430,367,305,306
370,432,431,368,306,307
371,433,432,369,307,308
372,434,433,370,308,309
373,435,434,371,309,310
374,436,435,372,310,311
375,437,436,373,311,312
376,438,437,374,312,313
377,439,438,375,313,314
378,440,439,376,314,315
316,441,440,377,315,253
380,442,504,441,316,317
381,443,442,379,317,318
382,444,443,380,318,319
383,445,444,381,319,320
384,446,445,382,320,321
385,447,446,383,321,322
386,448,447,384,322,323
387,449,448,385,323,324
388,450,449,386,324,325
389,451,450,387,325,326
390,452,451,388,326,327
391,453,452,389,327,328
392,454,453,390,328,329
393,455,454,391,329,330
394,456,455,392,330,331
395,457,456,393,331,332
396,458,457,394,332,333
397,459,458,395,333,334
398,460,459,396,334,335
399,461,460,397,335,336
400,462,461,398,336,337
401,463,462,399,337,338
402,464,463,400,338,339
403,465,464,401,339,340
404,466,465,402,340,341
405,467,466,403,341,342
406,468,467,404,342,343
407,469,468,405,343,344
408,470,469,406,344,345
409,471,470,407,345,346
410,472,471,408,346,347
411,473,472,409,347,348
412,474,473,410,348,349
413,475,474,411,349,350
414,476,475,412,350,351
415,477,476,413,351,352
416,478,477,414,352,353
417,479,478,415,353,354
418,480,479,416,354,355
419,481,480,417,355,356
420,482,481,418,356,357
421,483,482,419,357,358
422,484,483,420,358,359
423,485,484,421,359,360
424,486,485,422,360,361
425,487,486,423,361,362
426,488,487,424,362,363
427,489,488,425,363,364
428,490,489,426,364,365
429,491,490,427,365,366
430,492,491,428,366,367
431,493,492,429,367,368
432,494,493,430,368,369
433,495,494,431,369,370
434,496,495,432,370,371
435,497,496,433,371,372
436,498,497,434,372,373
437,499,498,435,373,374
438,500,499,436,374,375
439,501,500,437,375,376
440,502,501,438,376,377
441,503,502,439,377,378
379,504,503,440,378,316
443,505,567,504,379,380
444,506,505,442,380,381
445,507,506,443,381,382
446,508,507,444,382,383
447,509,508,445,383,384
448,510,509,446,384,385
449,511,510,447,385,386
450,512,511,448,386,387
451,513,512,449,387,388
452,514,513,450,388,389
453,515,514,451,389,390
454,516,515,452,390,391
455,517,516,453,391,392
456,518,517,454,392,393
457,519,518,455,393,394
458,520,519,456,394,395
459,521,520,457,395,396
460,522,521,458,396,397
461,523,522,459,397,398
462,524,523,460,398,399
463,525,524,461,399,400
464,526,525,462,400,401
465,527,526,463,401,402
466,528,527,464,402,403
467,529,528,465,403,404
468,530,529,466,404,405
469,531,530,467,405,406
470,532,531,468,406,407
471,533,532,469,407,408
472,534,533,470,408,409
473,535,534,471,409,410
474,536,535,472,410,411
475,537,536,473,411,412
476,538,537,474,412,413
477,539,538,475,413,414
478,540,539,476,414,415
479,541,540,477,415,416
480,542,541,478,416,417
481,543,542,479,417,418
482,544,543,480,418,419
483,545,544,481,419,420
484,546,545,482,420,421
485,547,546,483,421,422
486,548,547,484,422,423
487,549,548,485,423,424
488,550,549,486,424,425
489,551,550,487,425,426
490,552,551,488,426,427
491,553,552,489,427,428
492,554,553,490,428,429
493,555,554,491,429,430
494,556,555,492,430,431
495,557,556,493,431,432
496,558,557,494,432,433
497,559,558,495,433,434
498,560,559,496,434,435
499,561,560,497,435,436
500,562,561,498,436,437
501,563,562,499,437,438
502,564,563,500,438,439
503,565,564,501,439,440
504,566,565,502,440,441
442,567,566,503,441,379
506,568,630,567,442,443
507,569,568,505,443,444
508,570,569,506,444,445
509,571,570,507,445,446
510,572,571,508,446,447
511,573,572,509,447,448
512,574,573,510,448,449
513,575,574,511,449,450
514,576,575,512,450,451
515,577,576,513,451,452
516,578,577,514,452,453
517,579,578,515,453,454
518,580,579,516,454,455
519,581,580,517,455,456
520,582,581,518,456,457
521,583,582,519,457,458
522,584,583,520,458,459
523,585,584,521,459,460
524,586,585,522,460,461
525,587,586,523,461,462
526,588,587,524,462,463
527,589,588,525,463,464
528,590,589,526,464,465
529,591,590,527,465,466
530,592,591,528,466,467
531,593,592,529,467,468
532,594,593,530,468,469
533,595,594,531,469,470
534,596,595,532,470,471
535,597,596,533,471,472
536,598,597,534,472,473
537,599,598,535,473,474
538,600,599,536,474,475
539,601,600,537,475,476
540,602,601,538,476,477
541,603,602,539,477,478
542,604,603,540,478,479
543,605,604,541,479,480
544,606,605,542,480,481
545,607,606,543,481,482
546,608,607,544,482,483
547,609,608,545,483,484
548,610,609,546,484,485
549,611,610,547,485,486
550,612,611,548,486,487
551,613,612,549,487,488
552,614,613,550,488,489
553,615,614,551,489,490
554,616,615,552,490,491
555,617,616,553,491,492
556,618,617,554,492,493
557,619,618,555,493,494
558,620,619,556,494,495
559,621,620,557,495,496
560,622,621,558,496,497
561,623,622,559,497,498
562,624,623,560,498,499
563,625,624,561,499,500
564,626,625,562,500,501
565,627,626,563,501,502
566,628,627,564,502,503
567,629,628,565,503,504
505,630,629,566,504,442
569,631,693,630,505,506
570,632,631,568,506,507
571,633,632,569,507,508
572,634,633,570,508,509
573,635,634,571,509,510
574,636,635,572,510,511
575,637,636,573,511,512
576,638,637,574,512,513
577,639,638,575,513,514
578,640,639,576,514,515
579,641,640,577,515,516
580,642,641,578,516,517
581,643,642,579,517,518
582,644,643,580,518,519
583,645,644,581,519,520
584,646,645,582,520,521
585,647,646,583,521,522
586,648,647,584,522,523
587,649,648,585,523,524
588,650,649,586,524,525
589,651,650,587,525,526
590,652,651,588,526,527
591,653,652,589,527,528
592,654,653,590,528,529
593,655,654,591,529,530
594,656,655,592,530,531
595,657,656,593,531,532
596,658,657,594,532,533
597,659,658,595,533,534
598,660,659,596,534,535
599,661,660,597,535,536
600,662,661,598,536,537
601,663,662,599,537,538
602,664,663,600,538,539
603,665,664,601,539,540
604,666,665,602,540,541
605,667,666,603,541,542
606,668,667,604,542,543
607,669,668,605,543,544
608,670,669,606,544,545
609,671,670,607,545,546
610,672,671,608,546,547
611,673,672,609,547,548
612,674,673,610,548,549
613,675,674,611,549,550
614,676,675,612,550,551
615,677,676,613,551,552
616,678,677,614,552,553
617,679,678,615,553,554
618,680,679,616,554,555
619,681,680,617,555,556
620,682,681,618,556,557
621,683,682,619,557,558
622,684,683,620,558,559
623,685,684,621,559,560
624,686,685,622,560,561
625,687,686,623,561,562
626,688,687,624,562,563
627,689,688,625,563,564
628,690,689,626,564,565
629,691,690,627,565,566
630,692,691,628,566,567
568,693,692,629,567,505
632,694,756,693,568,569
633,695,694,631,569,570
634,696,695,632,570,571
635,697,696,633,571,572
636,698,697,634,572,573
637,699,698,635,573,574
638,700,699,636,574,575
639,701,700,637,575,576
640,702,701,638,576,577
641,703,702,639,577,578
642,704,703,640,578,579
643,705,704,641,579,580
644,706,705,642,580,581
645,707,706,643,581,582
646,708,707,644,582,583
647,709,708,645,583,584
648,710,709,646,584,585
649,711,710,647,585,586
650,712,711,648,586,587
651,713,712,649,587,588
652,714,713,650,588,589
653,715,714,651,589,590
654,716,715,652,590,591
655,717,716,653,591,592
656,718,717,654,592,593
657,719,718,655,593,594
658,720,719,656,594,595
659,721,720,657,595,596
660,722,721,658,596,597
661,723,722,659,597,598
662,724,723,660,598,599
663,725,724,661,599,600
664,726,725,662,600,601
665,727,726,663,601,602
666,728,727,664,602,603
667,729,728,665,603,604
668,730,729,666,604,605
669,731,730,667,605,606
670,732,731,668,606,607
671,733,732,669,607,608
672,734,733,670,608,609
673,735,734,671,609,610
674,736,735,672,610,611
675,737,736,673,611,612
676,738,737,674,612,613
677,739,738,675,613,614
678,740,739,676,614,615
679,741,740,677,615,616
680,742,741,678,616,617
681,743,742,679,617,618
682,744,743,680,618,619
683,745,744,681,619,620
684,746,745,682,620,621
685,747,746,683,621,622
686,748,747,684,622,623
687,749,748,685,623,624
688,750,749,686,624,625
689,751,750,687,625,626
690,752,751,688,626,627
691,753,752,689,627,628
692,754,753,690,628,629
693,755,754,691,629,630
631,756,755,692,630,568
695,757,819,756,631,632
696,758,757,694,632,633
697,759,758,695,633,634
698,760,759,696,634,635
699,761,760,697,635,636
700,762,761,698,636,637
701,763,762,699,637,638
702,764,763,700,638,639
703,765,764,701,639,640
704,766,765,702,640,641
705,767,766,703,641,642
706,768,767,704,642,643
707,769,768,705,643,644
708,770,769,706,644,645
709,771,770,707,645,646
710,772,771,708,646,647
711,773,772,709,647,648
712,774,773,710,648,649
713,775,774,711,649,650
714,776,775,712,650,651
715,777,776,713,651,652
716,778,777,714,652,653
717,779,778,715,653,654
718,780,779,716,654,655
719,781,780,717,655,656
720,782,781,718,656,657
721,783,782,719,657,658
722,784,783,720,658,659
723,785,784,721,659,660
724,786,785,722,660,661
725,787,786,723,661,662
726,788,787,724,662,663
727,789,788,725,663,664
728,790,789,726,664,665
729,791,790,727,665,666
730,792,791,728,666,667
731,793,792,729,667,668
732,794,793,730,668,669
733,795,794,731,669,670
734,796,795,732,670,671
735,797,796,733,671,672
736,798,797,734,672,673
737,799,798,735,673,674
738,800,799,736,674,675
739,801,800,737,675,676
740,802,801,738,676,677
741,803,802,739,677,678
742,804,803,740,678,679
743,805,804,741,679,680
744,806,805,742,680,681
745,807,806,743,681,682
746,808,807,744,682,683
747,809,808,745,683,684
748,810,809,746,684,685
749,811,810,747,685,686
750,812,811,748,686,687
751,813,812,749,687,688
752,814,813,750,688,689
753,815,814,751,689,690
754,816,815,752,690,691
755,817,816,753,691,692
756,818,817,754,692,693
694,819,818,755,693,631
758,820,882,819,694,695
759,821,820,757,695,696
760,822,821,758,696,697
761,823,822,759,697,698
762,824,823,760,698,699
763,825,824,761,699,700
764,826,825,762,700,701
765,827,826,763,701,702
766,828,827,764,702,703
767,829,828,765,703,704
768,830,829,766,704,705
769,831,830,767,705,706
770,832,831,768,706,707
771,833,832,769,707,708
772,834,833,770,708,709
773,835,834,771,709,710
774,836,835,772,710,711
775,837,836,773,711,712
776,838,837,774,712,713
777,839,838,775,713,714
778,840,839,776,714,715
779,841,840,777,715,716
780,842,841,778,716,717
781,843,842,779,717,718
782,844,843,780,718,719
783,845,844,781,719,720
784,846,845,782,720,721
785,847,846,783,721,722
786,848,847,784,722,723
787,849,848,785,723,724
788,850,849,786,724,725
789,851,850,787,725,726
790,852,851,788,726,727
791,853,852,789,727,728
792,854,853,790,728,729
793,855,854,791,729,730
794,856,855,792,730,731
795,857,856,793,731,732
796,858,857,794,732,733
797,859,858,795,733,734
798,860,859,796,734,735
799,861,860,797,735,736
800,862,861,798,736,737
801,863,862,799,737,738
802,864,863,800,738,739
803,865,864,801,739,740
804,866,865,802,740,741
805,867,866,803,741,742
806,868,867,804,742,743
807,869,868,805,743,744
808,870,869,806,744,745
809,871,870,807,745,746
810,872,871,808,746,747
811,873,872,809,747,748
812,874,873,810,748,749
813,875,874,811,749,750
814,876,875,812,750,751
815,877,876,813,751,752
816,878,877,814,752,753
817,879,878,815,753,754
818,880,879,816,754,755
819,881,880,817,755,756
757,882,881,818,756,694
821,883,945,882,757,758
822,884,883,820,758,759
823,885,884,821,759,760
824,886,885,822,760,761
825,887,886,823,761,762
826,888,887,824,762,763
827,889,888,825,763,764
828,890,889,826,764,765
829,891,890,827,765,766
830,892,891,828,766,767
831,893,892,829,767,768
832,894,893,830,768,769
833,895,894,831,769,770
834,896,895,832,770,771
835,897,896,833,771,772
836,898,897,834,772,773
837,899,898,835,773,774
838,900,899,836,774,775
839,901,900,837,775,776
840,902,901,838,776,777
841,903,902,839,777,778
842,904,903,840,778,779
843,905,904,841,779,780
844,906,905,842,780,781
845,907,906,843,781,782
846,908,907,844,782,783
847,909,908,845,783,784
848,910,909,846,784,785
849,911,910,847,785,786
850,912,911,848,786,787
851,913,912,849,787,788
852,914,913,850,788,789
853,915,914,851,789,790
854,916,915,852,790,791
855,917,916,853,791,792
856,918,917,854,792,793
857,919,918,855,793,794
858,920,919,856,794,795
859,921,920,857,795,796
860,922,921,858,796,797
861,923,922,859,797,798
862,924,923,860,798,799
863,925,924,861,799,800
864,926,925,862,800,801
865,927,926,863,801,802
866,928,927,864,802,803
867,929,928,865,803,804
868,930,929,866,804,805
869,931,930,867,805,806
870,932,931,868,806,807
871,933,932,869,807,808
872,934,933,870,808,809
873,935,934,871,809,810
874,936,935,872,810,811
875,937,936,873,811,812
876,938,937,874,812,813
877,939,938,875,813,814
878,940,939,876,814,815
879,941,940,877,815,816
880,942,941,878,816,817
881,943,942,879,817,818
882,944,943,880,818,819
820,945,944,881,819,757
884,946,1008,945,820,821
885,947,946,883,821,822
886,948,947,884,822,823
887,949,948,885,823,824
888,950,949,886,824,825
889,951,950,887,825,826
890,952,951,888,826,827
891,953,952,889,827,828
892,954,953,890,828,829
893,955,954,891,829,830
894,956,955,892,830,831
895,957,956,893,831,832
896,958,957,894,832,833
897,959,958,895,833,834
898,960,959,896,834,835
899,961,960,897,835,836
900,962,961,898,836,837
901,963,962,899,837,838
902,964,963,900,838,839
903,965,964,901,839,840
904,966,965,902,840,841
905,967,966,903,841,842
906,968,967,904,842,843
907,969,968,905,843,844
908,970,969,906,844,845
909,971,970,907,845,846
910,972,971,908,846,847
911,973,972,909,847,848
912,974,973,910,848,849
913,975,974,911,849,850
914,976,975,912,850,851
915,977,976,913,851,852
916,978,977,914,852,853
917,979,978,915,853,854
918,980,979,916,854,855
919,981,980,917,855,856
920,982,981,918,856,857
921,983,982,919,857,858
922,984,983,920,858,859
923,985,984,921,859,860
924,986,985,922,860,861
925,987,986,923,861,862
926,988,987,924,862,863
927,989,988,925,863,864
928,990,989,926,864,865
929,991,990,927,865,866
930,992,991,928,866,867
931,993,992,929,867,868
932,994,993,930,868,869
933,995,994,931,869,870
934,996,995,932,870,871
935,997,996,933,871,872
936,998,997,934,872,873
937,999,998,935,873,874
938,1000,999,936,874,875
939,1001,1000,937,875,876
940,1002,1001,938,876,877
941,1003,1002,939,877,878
942,1004,1003,940,878,879
943,1005,1004,941,879,880
944,1006,1005,942,880,881
945,1007,1006,943,881,882
883,1008,1007,944,882,820
947,1009,1071,1008,883,884
948,1010,1009,946,884,885
949,1011,1010,947,885,886
950,1012,1011,948,886,887
951,1013,1012,949,887,888
952,1014,1013,950,888,889
953,1015,1014,951,889,890
954,1016,1015,952,890,891
955,1017,1016,953,891,892
956,1018,1017,954,892,893
957,1019,1018,955,893,894
958,1020,1019,956,894,895
959,1021,1020,957,895,896
960,1022,1021,958,896,897
961,1023,1022,959,897,898
962,1024,1023,960,898,899
963,1025,1024,961,899,900
964,1026,1025,962,900,901
965,1027,1026,963,901,902
966,1028,1027,964,902,903
967,1029,1028,965,903,904
968,1030,1029,966,904,905
969,1031,1030,967,905,906
970,1032,1031,968,906,907
971,1033,1032,969,907,908
972,1034,1033,970,908,909
973,1035,1034,971,909,910
974,1036,1035,972,910,911
975,1037,1036,973,911,912
976,1038,1037,974,912,913
977,1039,1038,975,913,914
978,1040,1039,976,914,915
979,1041,1040,977,915,916
980,1042,1041,978,916,917
981,1043,1042,979,917,918
982,1044,1043,980,918,919
983,1045,1044,981,919,920
984,1046,1045,982,920,921
985,1047,1046,983,921,922
986,1048,1047,984,922,923
987,1049,1048,985,923,924
988,1050,1049,986,924,925
989,1051,1050,987,925,926
990,1052,1051,988,926,927
991,1053,1052,989,927,928
992,1054,1053,990,928,929
993,1055,1054,991,929,930
994,1056,1055,992,930,931
995,1057,1056,993,931,932
996,1058,1057,994,932,933
997,1059,1058,995,933,934
998,1060,1059,996,934,935
999,1061,1060,997,935,936
1000,1062,1061,998,936,937
1001,1063,1062,999,937,938
1002,1064,1063,1000,938,939
1003,1065,1064,1001,939,940
1004,1066,1065,1002,940,941
1005,1067,1066,1003,941,942
1006,1068,1067,1004,942,943
1007,1069,1068,1005,943,944
1008,1070,1069,1006,944,945
946,1071,1070,1007,945,883
1010,1072,1134,1071,946,947
1011,1073,1072,1009,947,948
1012,1074,1073,1010,948,949
1013,1075,1074,1011,949,950
1014,1076,1075,1012,950,951
1015,1077,1076,1013,951,952
1016,1078,1077,1014,952,953
1017,1079,1078,1015,953,954
1018,1080,1079,1016,954,955
1019,1081,1080,1017,955,956
1020,1082,1081,1018,956,957
1021,1083,1082,1019,957,958
1022,1084,1083,1020,958,959
1023,1085,1084,1021,959,960
1024,1086,1085,1022,960,961
1025,1087,1086,1023,961,962
1026,1088,1087,1024,962,963
1027,1089,1088,1025,963,964
1028,1090,1089,1026,964,965
1029,1091,1090,1027,965,966
1030,1092,1091,1028,966,967
1031,1093,1092,1029,967,968
1032,1094,1093,1030,968,969
1033,1095,1094,1031,969,970
1034,1096,1095,1032,970,971
1035,1097,1096,1033,971,972
1036,1098,1097,1034,972,973
1037,1099,1098,1035,973,974
1038,1100,1099,1036,974,975
1039,1101,1100,1037,975,976
1040,1102,1101,1038,976,977
1041,1103,1102,1039,977,978
1042,1104,1103,1040,978,979
1043,1105,1104,1041,979,980
1044,1106,1105,1042,980,981
1045,1107,1106,1043,981,982
1046,1108,1107,1044,982,983
1047,1109,1108,1045,983,984
1048,1110,1109,1046,984,985
1049,1111,1110,1047,985,986
1050,1112,1111,1048,986,987
1051,1113,1112,1049,987,988
1052,1114,1113,1050,988,989
1053,1115,1114,1051,989,990
1054,1116,1115,1052,990,991
1055,1117,1116,1053,991,992
1056,1118,1117,1054,992,993
1057,1119,1118,1055,993,994
1058,1120,1119,1056,994,995
1059,1121,1120,1057,995,996
1060,1122,1121,1058,996,997
1061,1123,1122,1059,997,998
1062,1124,1123,1060,998,999
1063,1125,1124,1061,999,1000
1064,1126,1125,1062,1000,1001
1065,1127,1126,1063,1001,1002
1066,1128,1127,1064,1002,1003
1067,1129,1128,1065,1003,1004
1068,1130,1129,1066,1004,1005
1069,1131,1130,1067,1005,1006
1070,1132,1131,1068,1006,1007
1071,1133,1132,1069,1007,1008
1009,1134,1133,1070,1008,946
1073,1135,1197,1134,1009,1010
1074,1136,1135,1072,1010,1011
1075,1137,1136,1073,1011,1012
1076,1138,1137,1074,1012,1013
1077,1139,1138,1075,1013,1014
1078,1140,1139,1076,1014,1015
1079,1141,1140,1077,1015,1016
1080,1142,1141,1078,1016,1017
1081,1143,1142,1079,1017,1018
1082,1144,1143,1080,1018,1019
1083,1145,1144,1081,1019,1020
1084,1146,1145,1082,1020,1021
1085,1147,1146,1083,1021,1022
1086,1148,1147,1084,1022,1023
1087,1149,1148,1085,1023,1024
1088,1150,1149,1086,1024,1025
1089,1151,1150,1087,1025,1026
1090,1152,1151,1088,1026,1027
1091,1153,1152,1089,1027,1028
1092,1154,1153,1090,1028,1029
1093,1155,1154,1091,1029,1030
1094,1156,1155,1092,1030,1031
1095,1157,1156,1093,1031,1032
1096,1158,1157,1094,1032,1033
1097,1159,1158,1095,1033,1034
1098,1160,1159,1096,1034,1035
1099,1161,1160,1097,1035,1036
1100,1162,1161,1098,1036,1037
1101,1163,1162,1099,1037,1038
1102,1164,1163,1100,1038,1039
1103,1165,1164,1101,1039,1040
1104,1166,1165,1102,1040,1041
1105,1167,1166,1103,1041,1042
1106,1168,1167,1104,1042,1043
1107,1169,1168,1105,1043,1044
1108,1170,1169,1106,1044,1045
1109,1171,1170,1107,1045,1046
1110,1172,1171,1108,1046,1047
1111,1173,1172,1109,1047,1048
1112,1174,1173,1110,1048,1049
1113,1175,1174,1111,1049,1050
1114,1176,1175,1112,1050,1051
1115,1177,1176,1113,1051,1052
1116,1178,1177,1114,1052,1053
1117,1179,1178,1115,1053,1054
1118,1180,1179,1116,1054,1055
1119,1181,1180,1117,1055,1056
1120,1182,1181,1118,1056,1057
1121,1183,1182,1119,1057,1058
1122,1184,1183,1120,1058,1059
1123,1185,1184,1121,1059,1060
1124,1186,1185,1122,1060,1061
1125,1187,1186,1123,1061,1062
1126,1188,1187,1124,1062,1063
1127,1189,1188,1125,1063,1064
1128,1190,1189,1126,1064,1065
1129,1191,1190,1127,1065,1066
1130,1192,1191,1128,1066,1067
1131,1193,1192,1129,1067,1068
1132,1194,1193,1130,1068,1069
1133,1195,1194,1131,1069,1070
1134,1196,1195,1132,1070,1071
1072,1197,1196,1133,1071,1009
1136,1198,1260,1197,1072,1073
1137,1199,1198,1135,1073,1074
1138,1200,1199,1136,1074,1075
1139,1201,1200,1137,1075,1076
1140,1202,1201,1138,1076,1077
1141,1203,1202,1139,1077,1078
1142,1204,1203,1140,1078,1079
1143,1205,1204,1141,1079,1080
1144,1206,1205,1142,1080,1081
1145,1207,1206,1143,1081,1082
1146,1208,1207,1144,1082,1083
1147,1209,1208,1145,1083,1084
1148,1210,1209,1146,1084,1085
1149,1211,1210,1147,1085,1086
1150,1212,1211,1148,1086,1087
1151,1213,1212,1149,1087,1088
1152,1214,1213,1150,1088,1089
1153,1215,1214,1151,1089,1090
1154,1216,1215,1152,1090,1091
1155,1217,1216,1153,1091,1092
1156,1218,1217,1154,1092,1093
1157,1219,1218,1155,1093,1094
1158,1220,1219,1156,1094,1095
1159,1221,1220,1157,1095,1096
1160,1222,1221,1158,1096,1097
1161,1223,1222,1159,1097,1098
1162,1224,1223,1160,1098,1099
1163,1225,1224,1161,1099,1100
1164,1226,1225,1162,1100,1101
1165,1227,1226,1163,1101,1102
1166,1228,1227,1164,1102,1103
1167,1229,1228,1165,1103,1104
1168,1230,1229,1166,1104,1105
1169,1231,1230,1167,1105,1106
1170,1232,1231,1168,1106,1107
1171,1233,1232,1169,1107,1108
1172,1234,1233,1170,1108,1109
1173,1235,1234,1171,1109,1110
1174,1236,1235,1172,1110,1111
1175,1237,1236,1173,1111,1112
1176,1238,1237,1174,1112,1113
1177,1239,1238,1175,1113,1114
1178,1240,1239,1176,1114,1115
1179,1241,1240,1177,1115,1116
1180,1242,1241,1178,1116,1117
1181,1243,1242,1179,1117,1118
1182,1244,1243,1180,1118,1119
1183,1245,1244,1181,1119,1120
1184,1246,1245,1182,1120,1121
1185,1247,1246,1183,1121,1122
1186,1248,1247,1184,1122,1123
1187,1249,1248,1185,1123,1124
1188,1250,1249,1186,1124,1125
1189,1251,1250,1187,1125,1126
1190,1252,1251,1188,1126,1127
1191,1253,1252,1189,1127,1128
1192,1254,1253,1190,1128,1129
1193,1255,1254,1191,1129,1130
1194,1256,1255,1192,1130,1131
1195,1257,1256,1193,1131,1132
1196,1258,1257,1194,1132,1133
1197,1259,1258,1195,1133,1134
1135,1260,1259,1196,1134,1072
1199,1261,1323,1260,1135,1136
1200,1262,1261,1198,1136,1137
1201,1263,1262,1199,1137,1138
1202,1264,1263,1200,1138,1139
1203,1265,1264,1201,1139,1140
1204,1266,1265,1202,1140,1141
1205,1267,1266,1203,1141,1142
1206,1268,1267,1204,1142,1143
1207,1269,1268,1205,1143,1144
1208,1270,1269,1206,1144,1145
1209,1271,1270,1207,1145,1146
1210,1272,1271,1208,1146,1147
1211,1273,1272,1209,1147,1148
1212,1274,1273,1210,1148,1149
1213,1275,1274,1211,1149,1150
1214,1276,1275,1212,1150,1151
1215,1277,1276,1213,1151,1152
1216,1278,1277,1214,1152,1153
1217,1279,1278,1215,1153,1154
1218,1280,1279,1216,1154,1155
1219,1281,1280,1217,1155,1156
1220,1282,1281,1218,1156,1157
1221,1283,1282,1219,1157,1158
1222,1284,1283,1220,1158,1159
1223,1285,1284,1221,1159,1160
1224,1286,1285,1222,1160,1161
1225,1287,1286,1223,1161,1162
1226,1288,1287,1224,1162,1163
1227,1289,1288,1225,1163,1164
1228,1290,1289,1226,1164,1165
1229,1291,1290,1227,1165,1166
1230,1292,1291,1228,1166,1167
1231,1293,1292,1229,1167,1168
1232,1294,1293,1230,1168,1169
1233,1295,1294,1231,1169,1170
1234,1296,1295,1232,1170,1171
1235,1297,1296,1233,1171,1172
1236,1298,1297,1234,1172,1173
1237,1299,1298,1235,1173,1174
1238,1300,1299,1236,1174,1175
1239,1301,1300,1237,1175,1176
1240,1302,1301,1238,1176,1177
1241,1303,1302,1239,1177,1178
1242,1304,1303,1240,1178,1179
1243,1305,1304,1241,1179,1180
1244,1306,1305,1242,1180,1181
1245,1307,1306,1243,1181,1182
1246,1308,1307,1244,1182,1183
1247,1309,1308,1245,1183,1184
1248,1310,1309,1246,1184,1185
1249,1311,1310,1247,1185,1186
1250,1312,1311,1248,1186,1187
1251,1313,1312,1249,1187,1188
1252,1314,1313,1250,1188,1189
1253,1315,1314,1251,1189,1190
1254,1316,1315,1252,1190,1191
1255,1317,1316,1253,1191,1192
1256,1318,1317,1254,1192,1193
1257,1319,1318,1255,1193,1194
1258,1320,1319,1256,1194,1195
1259,1321,1320,1257,1195,1196
1260,1322,1321,1258,1196,1197
1198,1323,1322,1259,1197,1135
1262,1324,1386,1323,1198,1199
1263,1325,1324,1261,1199,1200
1264,1326,1325,1262,1200,1201
1265,1327,1326,1263,1201,1202
1266,1328,1327,1264,1202,1203
1267,1329,1328,1265,1203,1204
1268,1330,1329,1266,1204,1205
1269,1331,1330,1267,1205,1206
1270,1332,1331,1268,1206,1207
1271,1333,1332,1269,1207,1208
1272,1334,1333,1270,1208,1209
1273,1335,1334,1271,1209,1210
1274,1336,1335,1272,1210,1211
1275,1337,1336,1273,1211,1212
1276,1338,1337,1274,1212,1213
1277,1339,1338,1275,1213,1214
1278,1340,1339,1276,1214,1215
1279,1341,1340,1277,1215,1216
1280,1342,1341,1278,1216,1217
1281,1343,1342,1279,1217,1218
1282,1344,1343,1280,1218,1219
1283,1345,1344,1281,1219,1220
1284,1346,1345,1282,1220,1221
1285,1347,1346,1283,1221,1222
1286,1348,1347,1284,1222,1223
1287,1349,1348,1285,1223,1224
1288,1350,1349,1286,1224,1225
1289,1351,1350,1287,1225,1226
1290,1352,1351,1288,1226,1227
1291,1353,1352,1289,1227,1228
1292,1354,1353,1290,1228,1229
1293,1355,1354,1291,1229,1230
1294,1356,1355,1292,1230,1231
1295,1357,1356,1293,1231,1232
1296,1358,1357,1294,1232,1233
1297,1359,1358,1295,1233,1234
1298,1360,1359,1296,1234,1235
1299,1361,1360,1297,1235,1236
1300,1362,1361,1298,1236,1237
1301,1363,1362,1299,1237,1238
1302,1364,1363,1300,1238,1239
1303,1365,1364,1301,1239,1240
1304,1366,1365,1302,1240,1241
1305,1367,1366,1303,1241,1242
1306,1368,1367,1304,1242,1243
1307,1369,1368,1305,1243,1244
1308,1370,1369,1306,1244,1245
1309,1371,1370,1307,1245,1246
1310,1372,1371,1308,1246,1247
1311,1373,1372,1309,1247,1248
1312,1374,1373,1310,1248,1249
1313,1375,1374,1311,1249,1250
1314,1376,1375,1312,1250,1251
1315,1377,1376,1313,1251,1252
1316,1378,1377,1314,1252,1253
1317,1379,1378,1315,1253,1254
1318,1380,1379,1316,1254,1255
1319,1381,1380,1317,1255,1256
1320,1382,1381,1318,1256,1257
1321,1383,1382,1319,1257,1258
1322,1384,1383,1320,1258,1259
1323,1385,1384,1321,1259,1260
1261,1386,1385,1322,1260,1198
1325,1387,1449,1386,1261,1262
1326,1388,1387,1324,1262,1263
1327,1389,1388,1325,1263,1264
1328,1390,1389,1326,1264,1265
1329,1391,1390,1327,1265,1266
1330,1392,1391,1328,1266,1267
1331,1393,1392,1329,1267,1268
1332,1394,1393,1330,1268,1269
1333,1395,1394,1331,1269,1270
1334,1396,1395,1332,1270,1271
1335,1397,1396,1333,1271,1272
1336,1398,1397,1334,1272,1273
1337,1399,1398,1335,1273,1274
1338,1400,1399,1336,1274,1275
1339,1401,1400,1337,1275,1276
1340,1402,1401,1338,1276,1277
1341,1403,1402,1339,1277,1278
1342,1404,1403,1340,1278,1279
1343,1405,1404,1341,1279,1280
1344,1406,1405,1342,1280,1281
1345,1407,1406,1343,1281,1282
1346,1408,1407,1344,1282,1283
1347,1409,1408,1345,1283,1284
1348,1410,1409,1346,1284,1285
1349,1411,1410,1347,1285,1286
1350,1412,1411,1348,1286,1287
1351,1413,1412,1349,1287,1288
1352,1414,1413,1350,1288,1289
1353,1415,1414,1351,1289,1290
1354,1416,1415,1352,1290,1291
1355,1417,1416,1353,1291,1292
1356,1418,1417,1354,1292,1293
1357,1419,1418,1355,1293,1294
1358,1420,1419,1356,1294,1295
1359,1421,1420,1357,1295,1296
1360,1422,1421,1358,1296,1297
1361,1423,1422,1359,1297,1298
1362,1424,1423,1360,1298,1299
1363,1425,1424,1361,1299,1300
1364,1426,1425,1362,1300,1301
1365,1427,1426,1363,1301,1302
1366,1428,1427,1364,1302,1303
1367,1429,1428,1365,1303,1304
1368,1430,1429,1366,1304,1305
1369,1431,1430,1367,1305,1306
1370,1432,1431,1368,1306,1307
1371,1433,1432,1369,1307,1308
1372,1434,1433,1370,1308,1309
1373,1435,1434,1371,1309,1310
1374,1436,1435,1372,1310,1311
1375,1437,1436,1373,1311,1312
1376,1438,1437,1374,1312,1313
1377,1439,1438,1375,1313,1314
1378,1440,1439,1376,1314,1315
1379,1441,1440,1377,1315,1316
1380,1442,1441,1378,1316,1317
1381,1443,1442,1379,1317,1318
1382,1444,1443,1380,1318,1319
1383,1445,1444,1381,1319,1320
1384,1446,1445,1382,1320,1321
1385,1447,1446,1383,1321,1322
1386,1448,1447,1384,1322,1323
1324,1449,1448,1385,1323,1261
1388,1450,1512,1449,1324,1325
1389,1451,1450,1387,1325,1326
1390,1452,1451,1388,1326,1327
1391,1453,1452,1389,1327,1328
1392,1454,1453,1390,1328,1329
1393,1455,1454,1391,1329,1330
1394,1456,1455,1392,1330,1331
1395,1457,1456,1393,1331,1332
1396,1458,1457,1394,1332,1333
1397,1459,1458,1395,1333,1334
1398,1460,1459,1396,1334,1335
1399,1461,1460,1397,1335,1336
1400,1462,1461,1398,1336,1337
1401,1463,1462,1399,1337,1338
1402,1464,1463,1400,1338,1339
1403,1465,1464,1401,1339,1340
1404,1466,1465,1402,1340,1341
1405,1467,1466,1403,1341,1342
1406,1468,1467,1404,1342,1343
1407,1469,1468,1405,1343,1344
1408,1470,1469,1406,1344,1345
1409,1471,1470,1407,1345,1346
1410,1472,1471,1408,1346,1347
1411,1473,1472,1409,1347,1348
1412,1474,1473,1410,1348,1349
1413,1475,1474,1411,1349,1350
1414,1476,1475,1412,1350,1351
1415,1477,1476,1413,1351,1352
1416,1478,1477,1414,1352,1353
1417,1479,1478,1415,1353,1354
1418,1480,1479,1416,1354,1355
1419,1481,1480,1417,1355,1356
1420,1482,1481,1418,1356,1357
1421,1483,1482,1419,1357,1358
1422,1484,1483,1420,1358,1359
1423,1485,1484,1421,1359,1360
1424,1486,1485,1422,1360,1361
1425,1487,1486,1423,1361,1362
1426,1488,1487,1424,1362,1363
1427,1489,1488,1425,1363,1364
1428,1490,1489,1426,1364,1365
1429,1491,1490,1427,1365,1366
1430,1492,1491,1428,1366,1367
1431,1493,1492,1429,1367,1368
1432,1494,1493,1430,1368,1369
1433,1495,1494,1431,1369,1370
1434,1496,1495,1432,1370,1371
1435,1497,1496,1433,1371,1372
1436,1498,1497,1434,1372,1373
1437,1499,1498,1435,1373,1374
1438,1500,1499,1436,1374,1375
1439,1501,1500,1437,1375,1376
1440,1502,1501,1438,1376,1377
1441,1503,1502,1439,1377,1378
1442,1504,1503,1440,1378,1379
1443,1505,1504,1441,1379,1380
1444,1506,1505,1442,1380,1381
1445,1507,1506,1443,1381,1382
1446,1508,1507,1444,1382,1383
1447,1509,1508,1445,1383,1384
1448,1510,1509,1446,1384,1385
1449,1511,1510,1447,1385,1386
1387,1512,1511,1448,1386,1324
1451,1513,1575,1512,1387,1388
1452,1514,1513,1450,1388,1389
1453,1515,1514,1451,1389,1390
1454,1516,1515,1452,1390,1391
1455,1517,1516,1453,1391,1392
1456,1518,1517,1454,1392,1393
1457,1519,1518,1455,1393,1394
1458,1520,1519,1456,1394,1395
1459,1521,1520,1457,1395,1396
1460,1522,1521,1458,1396,1397
1461,1523,1522,1459,1397,1398
1462,1524,1523,1460,1398,1399
1463,1525,1524,1461,1399,1400
1464,1526,1525,1462,1400,1401
1465,1527,1526,1463,1401,1402
1466,1528,1527,1464,1402,1403
1467,1529,1528,1465,1403,1404
1468,1530,1529,1466,1404,1405
1469,1531,1530,1467,1405,1406
1470,1532,1531,1468,1406,1407
1471,1533,1532,1469,1407,1408
1472,1534,1533,1470,1408,1409
1473,1535,1534,1471,1409,1410
1474,1536,1535,1472,1410,1411
1475,1537,1536,1473,1411,1412
1476,1538,1537,1474,1412,1413
1477,1539,1538,1475,1413,1414
1478,1540,1539,1476,1414,1415
1479,1541,1540,1477,1415,1416
1480,1542,1541,1478,1416,1417
1481,1543,1542,1479,1417,1418
1482,1544,1543,1480,1418,1419
1483,1545,1544,1481,1419,1420
1484,1546,1545,1482,1420,1421
1485,1547,1546,1483,1421,1422
1486,1548,1547,1484,1422,1423
1487,1549,1548,1485,1423,1424
1488,1550,1549,1486,1424,1425
1489,1551,1550,1487,1425,1426
1490,1552,1551,1488,1426,1427
1491,1553,1552,1489,1427,1428
1492,1554,1553,1490,1428,1429
1493,1555,1554,1491,1429,1430
1494,1556,1555,1492,1430,1431
1495,1557,1556,1493,1431,1432
1496,1558,1557,1494,1432,1433
1497,1559,1558,1495,1433,1434
1498,1560,1559,1496,1434,1435
1499,1561,1560,1497,1435,1436
1500,1562,1561,1498,1436,1437
1501,1563,1562,1499,1437,1438
1502,1564,1563,1500,1438,1439
1503,1565,1564,1501,1439,1440
1504,1566,1565,1502,1440,1441
1505,1567,1566,1503,1441,1442
1506,1568,1567,1504,1442,1443
1507,1569,1568,1505,1443,1444
1508,1570,1569,1506,1444,1445
1509,1571,1570,1507,1445,1446
1510,1572,1571,1508,1446,1447
1511,1573,1572,1509,1447,1448
1512,1574,1573,1510,1448,1449
1450,1575,1574,1511,1449,1387
1514,1576,1638,1575,1450,1451
1515,1577,1576,1513,1451,1452
1516,1578,1577,1514,1452,1453
1517,1579,1578,1515,1453,1454
1518,1580,1579,1516,1454,1455
1519,1581,1580,1517,1455,1456
1520,1582,1581,1518,1456,1457
1521,1583,1582,1519,1457,1458
1522,1584,1583,1520,1458,1459
1523,1585,1584,1521,1459,1460
1524,1586,1585,1522,1460,1461
1525,1587,1586,1523,1461,1462
1526,1588,1587,1524,1462,1463
1527,1589,1588,1525,1463,1464
1528,1590,1589,1526,1464,1465
1529,1591,1590,1527,1465,1466
1530,1592,1591,1528,1466,1467
1531,1593,1592,1529,1467,1468
1532,1594,1593,1530,1468,1469
1533,1595,1594,1531,1469,1470
1534,1596,1595,1532,1470,1471
1535,1597,1596,1533,1471,1472
1536,1598,1597,1534,1472,1473
1537,1599,1598,1535,1473,1474
1538,1600,1599,1536,1474,1475
1539,1601,1600,1537,1475,1476
1540,1602,1601,1538,1476,1477
1541,1603,1602,1539,1477,1478
1542,1604,1603,1540,1478,1479
1543,1605,1604,1541,1479,1480
1544,1606,1605,1542,1480,1481
1545,1607,1606,1543,1481,1482
1546,1608,1607,1544,1482,1483
1547,1609,1608,1545,1483,1484
1548,1610,1609,1546,1484,1485
1549,1611,1610,1547,1485,1486
1550,1612,1611,1548,1486,1487
1551,1613,1612,1549,1487,1488
1552,1614,1613,1550,1488,1489
1553,1615,1614,1551,1489,1490
1554,1616,1615,1552,1490,1491
1555,1617,1616,1553,1491,1492
1556,1618,1617,1554,1492,1493
1557,1619,1618,1555,1493,1494
1558,1620,1619,1556,1494,1495
1559,1621,1620,1557,1495,1496
1560,1622,1621,1558,1496,1497
1561,1623,1622,1559,1497,1498
1562,1624,1623,1560,1498,1499
1563,1625,1624,1561,1499,1500
1564,1626,1625,1562,1500,1501
1565,1627,1626,1563,1501,1502
1566,1628,1627,1564,1502,1503
1567,1629,1628,1565,1503,1504
1568,1630,1629,1566,1504,1505
1569,1631,1630,1567,1505,1506
1570,1632,1631,1568,1506,1507
1571,1633,1632,1569,1507,1508
1572,1634,1633,1570,1508,1509
1573,1635,1634,1571,1509,1510
1574,1636,1635,1572,1510,1511
1575,1637,1636,1573,1511,1512
1513,1638,1637,1574,1512,1450
1577,1639,1701,1638,1513,1514
1578,1640,1639,1576,1514,1515
1579,1641,1640,1577,1515,1516
1580,1642,1641,1578,1516,1517
1581,1643,1642,1579,1517,1518
1582,1644,1643,1580,1518,1519
1583,1645,1644,1581,1519,1520
1584,1646,1645,1582,1520,1521
1585,1647,1646,1583,1521,1522
1586,1648,1647,1584,1522,1523
1587,1649,1648,1585,1523,1524
1588,1650,1649,1586,1524,1525
1589,1651,1650,1587,1525,1526
1590,1652,1651,1588,1526,1527
1591,1653,1652,1589,1527,1528
1592,1654,1653,1590,1528,1529
1593,1655,1654,1591,1529,1530
1594,1656,1655,1592,1530,1531
1595,1657,1656,1593,1531,1532
1596,1658,1657,1594,1532,1533
1597,1659,1658,1595,1533,1534
1598,1660,1659,1596,1534,1535
1599,1661,1660,1597,1535,1536
1600,1662,1661,1598,1536,1537
1601,1663,1662,1599,1537,1538
1602,1664,1663,1600,1538,1539
1603,1665,1664,1601,1539,1540
1604,1666,1665,1602,1540,1541
1605,1667,1666,1603,1541,1542
1606,1668,1667,1604,1542,1543
1607,1669,1668,1605,1543,1544
1608,1670,1669,1606,1544,1545
1609,1671,1670,1607,1545,1546
1610,1672,1671,1608,1546,1547
1611,1673,1672,1609,1547,1548
1612,1674,1673,1610,1548,1549
1613,1675,1674,1611,1549,1550
1614,1676,1675,1612,1550,1551
1615,1677,1676,1613,1551,1552
1616,1678,1677,1614,1552,1553
1617,1679,1678,1615,1553,1554
1618,1680,1679,1616,1554,1555
1619,1681,1680,1617,1555,1556
1620,1682,1681,1618,1556,1557
1621,1683,1682,1619,1557,1558
1622,1684,1683,1620,1558,1559
1623,1685,1684,1621,1559,1560
1624,1686,1685,1622,1560,1561
1625,1687,1686,1623,1561,1562
1626,1688,1687,1624,1562,1563
1627,1689,1688,1625,1563,1564
1628,1690,1689,1626,1564,1565
1629,1691,1690,1627,1565,1566
1630,1692,1691,1628,1566,1567
1631,1693,1692,1629,1567,1568
1632,1694,1693,1630,1568,1569
1633,1695,1694,1631,1569,1570
1634,1696,1695,1632,1570,1571
1635,1697,1696,1633,1571,1572
1636,1698,1697,1634,1572,1573
1637,1699,1698,1635,1573,1574
1638,1700,1699,1636,1574,1575
1576,1701,1700,1637,1575,1513
1640,1702,1764,1701,1576,1577
1641,1703,1702,1639,1577,1578
1642,1704,1703,1640,1578,1579
1643,1705,1704,1641,1579,1580
1644,1706,1705,1642,1580,1581
1645,1707,1706,1643,1581,1582
1646,1708,1707,1644,1582,1583
1647,1709,1708,1645,1583,1584
1648,1710,1709,1646,1584,1585
1649,1711,1710,1647,1585,1586
1650,1712,1711,1648,1586,1587
1651,1713,1712,1649,1587,1588
1652,1714,1713,1650,1588,1589
1653,1715,1714,1651,1589,1590
1654,1716,1715,1652,1590,1591
1655,1717,1716,1653,1591,1592
1656,1718,1717,1654,1592,1593
1657,1719,1718,1655,1593,1594
1658,1720,1719,1656,1594,1595
1659,1721,1720,1657,1595,1596
1660,1722,1721,1658,1596,1597
1661,1723,1722,1659,1597,1598
1662,1724,1723,1660,1598,1599
1663,1725,1724,1661,1599,1600
1664,1726,1725,1662,1600,1601
1665,1727,1726,1663,1601,1602
1666,1728,1727,1664,1602,1603
1667,1729,1728,1665,1603,1604
1668,1730,1729,1666,1604,1605
1669,1731,1730,1667,1605,1606
1670,1732,1731,1668,1606,1607
1671,1733,1732,1669,1607,1608
1672,1734,1733,1670,1608,1609
1673,1735,1734,1671,1609,1610
1674,1736,1735,1672,1610,1611
1675,1737,1736,1673,1611,1612
1676,1738,1737,1674,1612,1613
1677,1739,1738,1675,1613,1614
1678,1740,1739,1676,1614,1615
1679,1741,1740,1677,1615,1616
1680,1742,1741,1678,1616,1617
1681,1743,1742,1679,1617,1618
1682,1744,1743,1680,1618,1619
1683,1745,1744,1681,1619,1620
1684,1746,1745,1682,1620,1621
1685,1747,1746,1683,1621,1622
1686,1748,1747,1684,1622,1623
1687,1749,1748,1685,1623,1624
1688,1750,1749,1686,1624,1625
1689,1751,1750,1687,1625,1626
1690,1752,1751,1688,1626,1627
1691,1753,1752,1689,1627,1628
1692,1754,1753,1690,1628,1629
1693,1755,1754,1691,1629,1630
1694,1756,1755,1692,1630,1631
1695,1757,1756,1693,1631,1632
1696,1758,1757,1694,1632,1633
1697,1759,1758,1695,1633,1634
1698,1760,1759,1696,1634,1635
1699,1761,1760,1697,1635,1636
1700,1762,1761,1698,1636,1637
1701,1763,1762,1699,1637,1638
1639,1764,1763,1700,1638,1576
1703,1765,1827,1764,1639,1640
1704,1766,1765,1702,1640,1641
1705,1767,1766,1703,1641,1642
1706,1768,1767,1704,1642,1643
1707,1769,1768,1705,1643,1644
1708,1770,1769,1706,1644,1645
1709,1771,1770,1707,1645,1646
1710,1772,1771,1708,1646,1647
1711,1773,1772,1709,1647,1648
1712,1774,1773,1710,1648,1649
1713,1775,1774,1711,1649,1650
1714,1776,1775,1712,1650,1651
1715,1777,1776,1713,1651,1652
1716,1778,1777,1714,1652,1653
1717,1779,1778,1715,1653,1654
1718,1780,1779,1716,1654,1655
1719,1781,1780,1717,1655,1656
1720,1782,1781,1718,1656,1657
1721,1783,1782,1719,1657,1658
1722,1784,1783,1720,1658,1659
1723,1785,1784,1721,1659,1660
1724,1786,1785,1722,1660,1661
1725,1787,1786,1723,1661,1662
1726,1788,1787,1724,1662,1663
1727,1789,1788,1725,1663,1664
1728,1790,1789,1726,1664,1665
1729,1791,1790,1727,1665,1666
1730,1792,1791,1728,1666,1667
1731,1793,1792,1729,1667,1668
1732,1794,1793,1730,1668,1669
1733,1795,1794,1731,1669,1670
1734,1796,1795,1732,1670,1671
1735,1797,1796,1733,1671,1672
1736,1798,1797,1734,1672,1673
1737,1799,1798,1735,1673,1674
1738,1800,1799,1736,1674,1675
1739,1801,1800,1737,1675,1676
1740,1802,1801,1738,1676,1677
1741,1803,1802,1739,1677,1678
1742,1804,1803,1740,1678,1679
1743,1805,1804,1741,1679,1680
1744,1806,1805,1742,1680,1681
1745,1807,1806,1743,1681,1682
1746,1808,1807,1744,1682,1683
1747,1809,1808,1745,1683,1684
1748,1810,1809,1746,1684,1685
1749,1811,1810,1747,1685,1686
1750,1812,1811,1748,1686,1687
1751,1813,1812,1749,1687,1688
1752,1814,1813,1750,1688,1689
1753,1815,1814,1751,1689,1690
1754,1816,1815,1752,1690,1691
1755,1817,1816,1753,1691,1692
1756,1818,1817,1754,1692,1693
1757,1819,1818,1755,1693,1694
1758,1820,1819,1756,1694,1695
1759,1821,1820,1757,1695,1696
1760,1822,1821,1758,1696,1697
1761,1823,1822,1759,1697,1698
1762,1824,1823,1760,1698,1699
1763,1825,1824,1761,1699,1700
1764,1826,1825,1762,1700,1701
1702,1827,1826,1763,1701,1639
1766,1828,1890,1827,1702,1703
1767,1829,1828,1765,1703,1704
1768,1830,1829,1766,1704,1705
1769,1831,1830,1767,1705,1706
1770,1832,1831,1768,1706,1707
1771,1833,1832,1769,1707,1708
1772,1834,1833,1770,1708,1709
1773,1835,1834,1771,1709,1710
1774,1836,1835,1772,1710,1711
1775,1837,1836,1773,1711,1712
1776,1838,1837,1774,1712,1713
1777,1839,1838,1775,1713,1714
1778,1840,1839,1776,1714,1715
1779,1841,1840,1777,1715,1716
1780,1842,1841,1778,1716,1717
1781,1843,1842,1779,1717,1718
1782,1844,1843,1780,1718,1719
1783,1845,1844,1781,1719,1720
1784,1846,1845,1782,1720,1721
1785,1847,1846,1783,1721,1722
1786,1848,1847,1784,1722,1723
1787,1849,1848,1785,1723,1724
1788,1850,1849,1786,1724,1725
1789,1851,1850,1787,1725,1726
1790,1852,1851,1788,1726,1727
1791,1853,1852,1789,1727,1728
1792,1854,1853,1790,1728,1729
1793,1855,1854,1791,1729,1730
1794,1856,1855,1792,1730,1731
1795,1857,1856,1793,1731,1732
1796,1858,1857,1794,1732,1733
1797,1859,1858,1795,1733,1734
1798,1860,1859,1796,1734,1735
1799,1861,1860,1797,1735,1736
1800,1862,1861,1798,1736,1737
1801,1863,1862,1799,1737,1738
1802,1864,1863,1800,1738,1739
1803,1865,1864,1801,1739,1740
1804,1866,1865,1802,1740,1741
1805,1867,1866,1803,1741,1742
1806,1868,1867,1804,1742,1743
1807,1869,1868,1805,1743,1744
1808,1870,1869,1806,1744,1745
1809,1871,1870,1807,1745,1746
1810,1872,1871,1808,1746,1747
1811,1873,1872,1809,1747,1748
1812,1874,1873,1810,1748,1749
1813,1875,1874,1811,1749,1750
1814,1876,1875,1812,1750,1751
1815,1877,1876,1813,1751,1752
1816,1878,1877,1814,1752,1753
1817,1879,1878,1815,1753,1754
1818,1880,1879,1816,1754,1755
1819,1881,1880,1817,1755,1756
1820,1882,1881,1818,1756,1757
1821,1883,1882,1819,1757,1758
1822,1884,1883,1820,1758,1759
1823,1885,1884,1821,1759,1760
1824,1886,1885,1822,1760,1761
1825,1887,1886,1823,1761,1762
1826,1888,1887,1824,1762,1763
1827,1889,1888,1825,1763,1764
1765,1890,1889,1826,1764,1702
1829,1891,1953,1890,1765,1766
1830,1892,1891,1828,1766,1767
1831,1893,1892,1829,1767,1768
1832,1894,1893,1830,1768,1769
1833,1895,1894,1831,1769,1770
1834,1896,1895,1832,1770,1771
1835,1897,1896,1833,1771,1772
1836,1898,1897,1834,1772,1773
1837,1899,1898,1835,1773,1774
1838,1900,1899,1836,1774,1775
1839,1901,1900,1837,1775,1776
1840,1902,1901,1838,1776,1777
1841,1903,1902,1839,1777,1778
1842,1904,1903,1840,1778,1779
1843,1905,1904,1841,1779,1780
1844,1906,1905,1842,1780,1781
1845,1907,1906,1843,1781,1782
1846,1908,1907,1844,1782,1783
1847,1909,1908,1845,1783,1784
1848,1910,1909,1846,1784,1785
1849,1911,1910,1847,1785,1786
1850,1912,1911,1848,1786,1787
1851,1913,1912,1849,1787,1788
1852,1914,1913,1850,1788,1789
1853,1915,1914,1851,1789,1790
1854,1916,1915,1852,1790,1791
1855,1917,1916,1853,1791,1792
1856,1918,1917,1854,1792,1793
1857,1919,1918,1855,1793,1794
1858,1920,1919,1856,1794,1795
1859,1921,1920,1857,1795,1796
1860,1922,1921,1858,1796,1797
1861,1923,1922,1859,1797,1798
1862,1924,1923,1860,1798,1799
1863,1925,1924,1861,1799,1800
1864,1926,1925,1862,1800,1801
1865,1927,1926,1863,1801,1802
1866,1928,1927,1864,1802,1803
1867,1929,1928,1865,1803,1804
1868,1930,1929,1866,1804,1805
1869,1931,1930,1867,1805,1806
1870,1932,1931,1868,1806,1807
1871,1933,1932,1869,1807,1808
1872,1934,1933,1870,1808,1809
1873,1935,1934,1871,1809,1810
1874,1936,1935,1872,1810,1811
1875,1937,1936,1873,1811,1812
1876,1938,1937,1874,1812,1813
1877,1939,1938,1875,1813,1814
1878,1940,1939,1876,1814,1815
1879,1941,1940,1877,1815,1816
1880,1942,1941,1878,1816,1817
1881,1943,1942,1879,1817,1818
1882,1944,1943,1880,1818,1819
1883,1945,1944,1881,1819,1820
1884,1946,1945,1882,1820,1821
1885,1947,1946,1883,1821,1822
1886,1948,1947,1884,1822,1823
1887,1949,1948,1885,1823,1824
1888,1950,1949,1886,1824,1825
1889,1951,1950,1887,1825,1826
1890,1952,1951,1888,1826,1827
1828,1953,1952,1889,1827,1765
1892,1954,2016,1953,1828,1829
1893,1955,1954,1891,1829,1830
1894,1956,1955,1892,1830,1831
1895,1957,1956,1893,1831,1832
1896,1958,1957,1894,1832,1833
1897,1959,1958,1895,1833,1834
1898,1960,1959,1896,1834,1835
1899,1961,1960,1897,1835,1836
1900,1962,1961,1898,1836,1837
1901,1963,1962,1899,1837,1838
1902,1964,1963,1900,1838,1839
1903,1965,1964,1901,1839,1840
1904,1966,1965,1902,1840,1841
1905,1967,1966,1903,1841,1842
1906,1968,1967,1904,1842,1843
1907,1969,1968,1905,1843,1844
1908,1970,1969,1906,1844,1845
1909,1971,1970,1907,1845,1846
1910,1972,1971,1908,1846,1847
1911,1973,1972,1909,1847,1848
1912,1974,1973,1910,1848,1849
1913,1975,1974,1911,1849,1850
1914,1976,1975,1912,1850,1851
1915,1977,1976,1913,1851,1852
1916,1978,1977,1914,1852,1853
1917,1979,1978,1915,1853,1854
1918,1980,1979,1916,1854,1855
1919,1981,1980,1917,1855,1856
1920,1982,1981,1918,1856,1857
1921,1983,1982,1919,1857,1858
1922,1984,1983,1920,1858,1859
1923,1985,1984,1921,1859,1860
1924,1986,1985,1922,1860,1861
1925,1987,1986,1923,1861,1862
1926,1988,1987,1924,1862,1863
1927,1989,1988,1925,1863,1864
1928,1990,1989,1926,1864,1865
1929,1991,1990,1927,1865,1866
1930,1992,1991,1928,1866,1867
1931,1993,1992,1929,1867,1868
1932,1994,1993,1930,1868,1869
1933,1995,1994,1931,1869,1870
1934,1996,1995,1932,1870,1871
1935,1997,1996,1933,1871,1872
1936,1998,1997,1934,1872,1873
1937,1999,1998,1935,1873,1874
1938,2000,1999,1936,1874,1875
1939,2001,2000,1937,1875,1876
1940,2002,2001,1938,1876,1877
1941,2003,2002,1939,1877,1878
1942,2004,2003,1940,1878,1879
1943,2005,2004,1941,1879,1880
1944,2006,2005,1942,1880,1881
1945,2007,2006,1943,1881,1882
1946,2008,2007,1944,1882,1883
1947,2009,2008,1945,1883,1884
1948,2010,2009,1946,1884,1885
1949,2011,2010,1947,1885,1886
1950,2012,2011,1948,1886,1887
1951,2013,2012,1949,1887,1888
1952,2014,2013,1950,1888,1889
1953,2015,2014,1951,1889,1890
1891,2016,2015,1952,1890,1828
1955,2017,2079,2016,1891,1892
1956,2018,2017,1954,1892,1893
1957,2019,2018,1955,1893,1894
1958,2020,2019,1956,1894,1895
1959,2021,2020,1957,1895,1896
1960,2022,2021,1958,1896,1897
1961,2023,2022,1959,1897,1898
1962,2024,2023,1960,1898,1899
1963,2025,2024,1961,1899,1900
1964,2026,2025,1962,1900,1901
1965,2027,2026,1963,1901,1902
1966,2028,2027,1964,1902,1903
1967,2029,2028,1965,1903,1904
1968,2030,2029,1966,1904,1905
1969,2031,2030,1967,1905,1906
1970,2032,2031,1968,1906,1907
1971,2033,2032,1969,1907,1908
1972,2034,2033,1970,1908,1909
1973,2035,2034,1971,1909,1910
1974,2036,2035,1972,1910,1911
1975,2037,2036,1973,1911,1912
1976,2038,2037,1974,1912,1913
1977,2039,2038,1975,1913,1914
1978,2040,2039,1976,1914,1915
1979,2041,2040,1977,1915,1916
1980,2042,2041,1978,1916,1917
1981,2043,2042,1979,1917,1918
1982,2044,2043,1980,1918,1919
1983,2045,2044,1981,1919,1920
1984,2046,2045,1982,1920,1921
1985,2047,2046,1983,1921,1922
1986,2048,2047,1984,1922,1923
1987,2049,2048,1985,1923,1924
1988,2050,2049,1986,1924,1925
1989,2051,2050,1987,1925,1926
1990,2052,2051,1988,1926,1927
1991,2053,2052,1989,1927,1928
1992,2054,2053,1990,1928,1929
1993,2055,2054,1991,1929,1930
1994,2056,2055,1992,1930,1931
1995,2057,2056,1993,1931,1932
1996,2058,2057,1994,1932,1933
1997,2059,2058,1995,1933,1934
1998,2060,2059,1996,1934,1935
1999,2061,2060,1997,1935,1936
2000,2062,2061,1998,1936,1937
2001,2063,2062,1999,1937,1938
2002,2064,2063,2000,1938,1939
2003,2065,2064,2001,1939,1940
2004,2066,2065,2002,1940,1941
2005,2067,2066,2003,1941,1942
2006,2068,2067,2004,1942,1943
2007,2069,2068,2005,1943,1944
2008,2070,2069,2006,1944,1945
2009,2071,2070,2007,1945,1946
2010,2072,2071,2008,1946,1947
2011,2073,2072,2009,1947,1948
2012,2074,2073,2010,1948,1949
2013,2075,2074,2011,1949,1950
2014,2076,2075,2012,1950,1951
2015,2077,2076,2013,1951,1952
2016,2078,2077,2014,1952,1953
1954,2079,2078,2015,1953,1891
2018,2080,2142,2079,1954,1955
2019,2081,2080,2017,1955,1956
2020,2082,2081,2018,1956,1957
2021,2083,2082,2019,1957,1958
2022,2084,2083,2020,1958,1959
2023,2085,2084,2021,1959,1960
2024,2086,2085,2022,1960,1961
2025,2087,2086,2023,1961,1962
2026,2088,2087,2024,1962,1963
2027,2089,2088,2025,1963,1964
2028,2090,2089,2026,1964,1965
2029,2091,2090,2027,1965,1966
2030,2092,2091,2028,1966,1967
2031,2093,2092,2029,1967,1968
2032,2094,2093,2030,1968,1969
2033,2095,2094,2031,1969,1970
2034,2096,2095,2032,1970,1971
2035,2097,2096,2033,1971,1972
2036,2098,2097,2034,1972,1973
2037,2099,2098,2035,1973,1974
2038,2100,2099,2036,1974,1975
2039,2101,2100,2037,1975,1976
2040,2102,2101,2038,1976,1977
2041,2103,2102,2039,1977,1978
2042,2104,2103,2040,1978,1979
2043,2105,2104,2041,1979,1980
2044,2106,2105,2042,1980,1981
2045,2107,2106,2043,1981,1982
2046,2108,2107,2044,1982,1983
2047,2109,2108,2045,1983,1984
2048,2110,2109,2046,1984,1985
2049,2111,2110,2047,1985,1986
2050,2112,2111,2048,1986,1987
2051,2113,2112,2049,1987,1988
2052,2114,2113,2050,1988,1989
2053,2115,2114,2051,1989,1990
2054,2116,2115,2052,1990,1991
2055,2117,2116,2053,1991,1992
2056,2118,2117,2054,1992,1993
2057,2119,2118,2055,1993,1994
2058,2120,2119,2056,1994,1995
2059,2121,2120,2057,1995,1996
2060,2122,2121,2058,1996,1997
2061,2123,2122,2059,1997,1998
2062,2124,2123,2060,1998,1999
2063,2125,2124,2061,1999,2000
2064,2126,2125,2062,2000,2001
2065,2127,2126,2063,2001,2002
2066,2128,2127,2064,2002,2003
2067,2129,2128,2065,2003,2004
2068,2130,2129,2066,2004,2005
2069,2131,2130,2067,2005,2006
2070,2132,2131,2068,2006,2007
2071,2133,2132,2069,2007,2008
2072,2134,2133,2070,2008,2009
2073,2135,2134,2071,2009,2010
2074,2136,2135,2072,2010,2011
2075,2137,2136,2073,2011,2012
2076,2138,2137,2074,2012,2013
2077,2139,2138,2075,2013,2014
2078,2140,2139,2076,2014,2015
2079,2141,2140,2077,2015,2016
2017,2142,2141,2078,2016,1954
2081,2143,2205,2142,2017,2018
2082,2144,2143,2080,2018,2019
2083,2145,2144,2081,2019,2020
2084,2146,2145,2082,2020,2021
2085,2147,2146,2083,2021,2022
2086,2148,2147,2084,2022,2023
2087,2149,2148,2085,2023,2024
2088,2150,2149,2086,2024,2025
2089,2151,2150,2087,2025,2026
2090,2152,2151,2088,2026,2027
2091,2153,2152,2089,2027,2028
2092,2154,2153,2090,2028,2029
2093,2155,2154,2091,2029,2030
2094,2156,2155,2092,2030,2031
2095,2157,2156,2093,2031,2032
2096,2158,2157,2094,2032,2033
2097,2159,2158,2095,2033,2034
2098,2160,2159,2096,2034,2035
2099,2161,2160,2097,2035,2036
2100,2162,2161,2098,2036,2037
2101,2163,2162,2099,2037,2038
2102,2164,2163,2100,2038,2039
2103,2165,2164,2101,2039,2040
2104,2166,2165,2102,2040,2041
2105,2167,2166,2103,2041,2042
2106,2168,2167,2104,2042,2043
2107,2169,2168,2105,2043,2044
2108,2170,2169,2106,2044,2045
2109,2171,2170,2107,2045,2046
2110,2172,2171,2108,2046,2047
2111,2173,2172,2109,2047,2048
2112,2174,2173,2110,2048,2049
2113,2175,2174,2111,2049,2050
2114,2176,2175,2112,2050,2051
2115,2177,2176,2113,2051,2052
2116,2178,2177,2114,2052,2053
2117,2179,2178,2115,2053,2054
2118,2180,2179,2116,2054,2055
2119,2181,2180,2117,2055,2056
2120,2182,2181,2118,2056,2057
2121,2183,2182,2119,2057,2058
2122,2184,2183,2120,2058,2059
2123,2185,2184,2121,2059,2060
2124,2186,2185,2122,2060,2061
2125,2187,2186,2123,2061,2062
2126,2188,2187,2124,2062,2063
2127,2189,2188,2125,2063,2064
2128,2190,2189,2126,2064,2065
2129,2191,2190,2127,2065,2066
2130,2192,2191,2128,2066,2067
2131,2193,2192,2129,2067,2068
2132,2194,2193,2130,2068,2069
2133,2195,2194,2131,2069,2070
2134,2196,2195,2132,2070,2071
2135,2197,2196,2133,2071,2072
2136,2198,2197,2134,2072,2073
2137,2199,2198,2135,2073,2074
2138,2200,2199,2136,2074,2075
2139,2201,2200,2137,2075,2076
2140,2202,2201,2138,2076,2077
2141,2203,2202,2139,2077,2078
2142,2204,2203,2140,2078,2079
2080,2205,2204,2141,2079,2017
2144,2206,2268,2205,2080,2081
2145,2207,2206,2143,2081,2082
2146,2208,2207,2144,2082,2083
2147,2209,2208,2145,2083,2084
2148,2210,2209,2146,2084,2085
2149,2211,2210,2147,2085,2086
2150,2212,2211,2148,2086,2087
2151,2213,2212,2149,2087,2088
2152,2214,2213,2150,2088,2089
2153,2215,2214,2151,2089,2090
2154,2216,2215,2152,2090,2091
2155,2217,2216,2153,2091,2092
2156,2218,2217,2154,2092,2093
2157,2219,2218,2155,2093,2094
2158,2220,2219,2156,2094,2095
2159,2221,2220,2157,2095,2096
2160,2222,2221,2158,2096,2097
2161,2223,2222,2159,2097,2098
2162,2224,2223,2160,2098,2099
2163,2225,2224,2161,2099,2100
2164,2226,2225,2162,2100,2101
2165,2227,2226,2163,2101,2102
2166,2228,2227,2164,2102,2103
2167,2229,2228,2165,2103,2104
2168,2230,2229,2166,2104,2105
2169,2231,2230,2167,2105,2106
2170,2232,2231,2168,2106,2107
2171,2233,2232,2169,2107,2108
2172,2234,2233,2170,2108,2109
2173,2235,2234,2171,2109,2110
2174,2236,2235,2172,2110,2111
2175,2237,2236,2173,2111,2112
2176,2238,2237,2174,2112,2113
2177,2239,2238,2175,2113,2114
2178,2240,2239,2176,2114,2115
2179,2241,2240,2177,2115,2116
2180,2242,2241,2178,2116,2117
2181,2243,2242,2179,2117,2118
2182,2244,2243,2180,2118,2119
2183,2245,2244,2181,2119,2120
2184,2246,2245,2182,2120,2121
2185,2247,2246,2183,2121,2122
2186,2248,2247,2184,2122,2123
2187,2249,2248,2185,2123,2124
2188,2250,2249,2186,2124,2125
2189,2251,2250,2187,2125,2126
2190,2252,2251,2188,2126,2127
2191,2253,2252,2189,2127,2128
2192,2254,2253,2190,2128,2129
2193,2255,2254,2191,2129,2130
2194,2256,2255,2192,2130,2131
2195,2257,2256,2193,2131,2132
2196,2258,2257,2194,2132,2133
2197,2259,2258,2195,2133,2134
2198,2260,2259,2196,2134,2135
2199,2261,2260,2197,2135,2136
2200,2262,2261,2198,2136,2137
2201,2263,2262,2199,2137,2138
2202,2264,2263,2200,2138,2139
2203,2265,2264,2201,2139,2140
2204,2266,2265,2202,2140,2141
2205,2267,2266,2203,2141,2142
2143,2268,2267,2204,2142,2080
2207,2269,2331,2268,2143,2144
2208,2270,2269,2206,2144,2145
2209,2271,2270,2207,2145,2146
2210,2272,2271,2208,2146,2147
2211,2273,2272,2209,2147,2148
2212,2274,2273,2210,2148,2149
2213,2275,2274,2211,2149,2150
2214,2276,2275,2212,2150,2151
2215,2277,2276,2213,2151,2152
2216,2278,2277,2214,2152,2153
2217,2279,2278,2215,2153,2154
2218,2280,2279,2216,2154,2155
2219,2281,2280,2217,2155,2156
2220,2282,2281,2218,2156,2157
2221,2283,2282,2219,2157,2158
2222,2284,2283,2220,2158,2159
2223,2285,2284,2221,2159,2160
2224,2286,2285,2222,2160,2161
2225,2287,2286,2223,2161,2162
2226,2288,2287,2224,2162,2163
2227,2289,2288,2225,2163,2164
2228,2290,2289,2226,2164,2165
2229,2291,2290,2227,2165,2166
2230,2292,2291,2228,2166,2167
2231,2293,2292,2229,2167,2168
2232,2294,2293,2230,2168,2169
2233,2295,2294,2231,2169,2170
2234,2296,2295,2232,2170,2171
2235,2297,2296,2233,2171,2172
2236,2298,2297,2234,2172,2173
2237,2299,2298,2235,2173,2174
2238,2300,2299,2236,2174,2175
2239,2301,2300,2237,2175,2176
2240,2302,2301,2238,2176,2177
2241,2303,2302,2239,2177,2178
2242,2304,2303,2240,2178,2179
2243,2305,2304,2241,2179,2180
2244,2306,2305,2242,2180,2181
2245,2307,2306,2243,2181,2182
2246,2308,2307,2244,2182,2183
2247,2309,2308,2245,2183,2184
2248,2310,2309,2246,2184,2185
2249,2311,2310,2247,2185,2186
2250,2312,2311,2248,2186,2187
2251,2313,2312,2249,2187,2188
2252,2314,2313,2250,2188,2189
2253,2315,2314,2251,2189,2190
2254,2316,2315,2252,2190,2191
2255,2317,2316,2253,2191,2192
2256,2318,2317,2254,2192,2193
2257,2319,2318,2255,2193,2194
2258,2320,2319,2256,2194,2195
2259,2321,2320,2257,2195,2196
2260,2322,2321,2258,2196,2197
2261,2323,2322,2259,2197,2198
2262,2324,2323,2260,2198,2199
2263,2325,2324,2261,2199,2200
2264,2326,2325,2262,2200,2201
2265,2327,2326,2263,2201,2202
2266,2328,2327,2264,2202,2203
2267,2329,2328,2265,2203,2204
2268,2330,2329,2266,2204,2205
2206,2331,2330,2267,2205,2143
2270,2332,2394,2331,2206,2207
2271,2333,2332,2269,2207,2208
2272,2334,2333,2270,2208,2209
2273,2335,2334,2271,2209,2210
2274,2336,2335,2272,2210,2211
2275,2337,2336,2273,2211,2212
2276,2338,2337,2274,2212,2213
2277,2339,2338,2275,2213,2214
2278,2340,2339,2276,2214,2215
2279,2341,2340,2277,2215,2216
2280,2342,2341,2278,2216,2217
2281,2343,2342,2279,2217,2218
2282,2344,2343,2280,2218,2219
2283,2345,2344,2281,2219,2220
2284,2346,2345,2282,2220,2221
2285,2347,2346,2283,2221,2222
2286,2348,2347,2284,2222,2223
2287,2349,2348,2285,2223,2224
2288,2350,2349,2286,2224,2225
2289,2351,2350,2287,2225,2226
2290,2352,2351,2288,2226,2227
2291,2353,2352,2289,2227,2228
2292,2354,2353,2290,2228,2229
2293,2355,2354,2291,2229,2230
2294,2356,2355,2292,2230,2231
2295,2357,2356,2293,2231,2232
2296,2358,2357,2294,2232,2233
2297,2359,2358,2295,2233,2234
2298,2360,2359,2296,2234,2235
2299,2361,2360,2297,2235,2236
2300,2362,2361,2298,2236,2237
2301,2363,2362,2299,2237,2238
2302,2364,2363,2300,2238,2239
2303,2365,2364,2301,2239,2240
2304,2366,2365,2302,2240,2241
2305,2367,2366,2303,2241,2242
2306,2368,2367,2304,2242,2243
2307,2369,2368,2305,2243,2244
2308,2370,2369,2306,2244,2245
2309,2371,2370,2307,2245,2246
2310,2372,2371,2308,2246,2247
2311,2373,2372,2309,2247,2248
2312,2374,2373,2310,2248,2249
2313,2375,2374,2311,2249,2250
2314,2376,2375,2312,2250,2251
2315,2377,2376,2313,2251,2252
2316,2378,2377,2314,2252,2253
2317,2379,2378,2315,2253,2254
2318,2380,2379,2316,2254,2255
2319,2381,2380,2317,2255,2256
2320,2382,2381,2318,2256,2257
2321,2383,2382,2319,2257,2258
2322,2384,2383,2320,2258,2259
2323,2385,2384,2321,2259,2260
2324,2386,2385,2322,2260,2261
2325,2387,2386,2323,2261,2262
2326,2388,2387,2324,2262,2263
2327,2389,2388,2325,2263,2264
2328,2390,2389,2326,2264,2265
2329,2391,2390,2327,2265,2266
2330,2392,2391,2328,2266,2267
2331,2393,2392,2329,2267,2268
2269,2394,2393,2330,2268,2206
2333,2395,2457,2394,2269,2270
2334,2396,2395,2332,2270,2271
2335,2397,2396,2333,2271,2272
2336,2398,2397,2334,2272,2273
2337,2399,2398,2335,2273,2274
2338,2400,2399,2336,2274,2275
2339,2401,2400,2337,2275,2276
2340,2402,2401,2338,2276,2277
2341,2403,2402,2339,2277,2278
2342,2404,2403,2340,2278,2279
2343,2405,2404,2341,2279,2280
2344,2406,2405,2342,2280,2281
2345,2407,2406,2343,2281,2282
2346,2408,2407,2344,2282,2283
2347,2409,2408,2345,2283,2284
2348,2410,2409,2346,2284,2285
2349,2411,2410,2347,2285,2286
2350,2412,2411,2348,2286,2287
2351,2413,2412,2349,2287,2288
2352,2414,2413,2350,2288,2289
2353,2415,2414,2351,2289,2290
2354,2416,2415,2352,2290,2291
2355,2417,2416,2353,2291,2292
2356,2418,2417,2354,2292,2293
2357,2419,2418,2355,2293,2294
2358,2420,2419,2356,2294,2295
2359,2421,2420,2357,2295,2296
2360,2422,2421,2358,2296,2297
2361,2423,2422,2359,2297,2298
2362,2424,2423,2360,2298,2299
2363,2425,2424,2361,2299,2300
2364,2426,2425,2362,2300,2301
2365,2427,2426,2363,2301,2302
2366,2428,2427,2364,2302,2303
2367,2429,2428,2365,2303,2304
2368,2430,2429,2366,2304,2305
2369,2431,2430,2367,2305,2306
2370,2432,2431,2368,2306,2307
2371,2433,2432,2369,2307,2308
2372,2434,2433,2370,2308,2309
2373,2435,2434,2371,2309,2310
2374,2436,2435,2372,2310,2311
2375,2437,2436,2373,2311,2312
2376,2438,2437,2374,2312,2313
2377,2439,2438,2375,2313,2314
2378,2440,2439,2376,2314,2315
2379,2441,2440,2377,2315,2316
2380,2442,2441,2378,2316,2317
2381,2443,2442,2379,2317,2318
2382,2444,2443,2380,2318,2319
2383,2445,2444,2381,2319,2320
2384,2446,2445,2382,2320,2321
2385,2447,2446,2383,2321,2322
2386,2448,2447,2384,2322,2323
2387,2449,2448,2385,2323,2324
2388,2450,2449,2386,2324,2325
2389,2451,2450,2387,2325,2326
2390,2452,2451,2388,2326,2327
2391,2453,2452,2389,2327,2328
2392,2454,2453,2390,2328,2329
2393,2455,2454,2391,2329,2330
2394,2456,2455,2392,2330,2331
2332,2457,2456,2393,2331,2269
2396,2458,2520,2457,2332,2333
2397,2459,2458,2395,2333,2334
2398,2460,2459,2396,2334,2335
2399,2461,2460,2397,2335,2336
2400,2462,2461,2398,2336,2337
2401,2463,2462,2399,2337,2338
2402,2464,2463,2400,2338,2339
2403,2465,2464,2401,2339,2340
2404,2466,2465,2402,2340,2341
2405,2467,2466,2403,2341,2342
2406,2468,2467,2404,2342,2343
2407,2469,2468,2405,2343,2344
2408,2470,2469,2406,2344,2345
2409,2471,2470,2407,2345,2346
2410,2472,2471,2408,2346,2347
2411,2473,2472,2409,2347,2348
2412,2474,2473,2410,2348,2349
2413,2475,2474,2411,2349,2350
2414,2476,2475,2412,2350,2351
2415,2477,2476,2413,2351,2352
2416,2478,2477,2414,2352,2353
2417,2479,2478,2415,2353,2354
2418,2480,2479,2416,2354,2355
2419,2481,2480,2417,2355,2356
2420,2482,2481,2418,2356,2357
2421,2483,2482,2419,2357,2358
2422,2484,2483,2420,2358,2359
2423,2485,2484,2421,2359,2360
2424,2486,2485,2422,2360,2361
2425,2487,2486,2423,2361,2362
2426,2488,2487,2424,2362,2363
2427,2489,2488,2425,2363,2364
2428,2490,2489,2426,2364,2365
2429,2491,2490,2427,2365,2366
2430,2492,2491,2428,2366,2367
2431,2493,2492,2429,2367,2368
2432,2494,2493,2430,2368,2369
2433,2495,2494,2431,2369,2370
2434,2496,2495,2432,2370,2371
2435,2497,2496,2433,2371,2372
2436,2498,2497,2434,2372,2373
2437,2499,2498,2435,2373,2374
2438,2500,2499,2436,2374,2375
2439,2501,2500,2437,2375,2376
2440,2502,2501,2438,2376,2377
2441,2503,2502,2439,2377,2378
2442,2504,2503,2440,2378,2379
2443,2505,2504,2441,2379,2380
2444,2506,2505,2442,2380,2381
2445,2507,2506,2443,2381,2382
2446,2508,2507,2444,2382,2383
2447,2509,2508,2445,2383,2384
2448,2510,2509,2446,2384,2385
2449,2511,2510,2447,2385,2386
2450,2512,2511,2448,2386,2387
2451,2513,2512,2449,2387,2388
2452,2514,2513,2450,2388,2389
2453,2515,2514,2451,2389,2390
2454,2516,2515,2452,2390,2391
2455,2517,2516,2453,2391,2392
2456,2518,2517,2454,2392,2393
2457,2519,2518,2455,2393,2394
2395,2520,2519,2456,2394,2332
2459,2521,2583,2520,2395,2396
2460,2522,2521,2458,2396,2397
2461,2523,2522,2459,2397,2398
2462,2524,2523,2460,2398,2399
2463,2525,2524,2461,2399,2400
2464,2526,2525,2462,2400,2401
2465,2527,2526,2463,2401,2402
2466,2528,2527,2464,2402,2403
2467,2529,2528,2465,2403,2404
2468,2530,2529,2466,2404,2405
2469,2531,2530,2467,2405,2406
2470,2532,2531,2468,2406,2407
2471,2533,2532,2469,2407,2408
2472,2534,2533,2470,2408,2409
2473,2535,2534,2471,2409,2410
2474,2536,2535,2472,2410,2411
2475,2537,2536,2473,2411,2412
2476,2538,2537,2474,2412,2413
2477,2539,2538,2475,2413,2414
2478,2540,2539,2476,2414,2415
2479,2541,2540,2477,2415,2416
2480,2542,2541,2478,2416,2417
2481,2543,2542,2479,2417,2418
2482,2544,2543,2480,2418,2419
2483,2545,2544,2481,2419,2420
2484,2546,2545,2482,2420,2421
2485,2547,2546,2483,2421,2422
2486,2548,2547,2484,2422,2423
2487,2549,2548,2485,2423,2424
2488,2550,2549,2486,2424,2425
2489,2551,2550,2487,2425,2426
2490,2552,2551,2488,2426,2427
2491,2553,2552,2489,2427,2428
2492,2554,2553,2490,2428,2429
2493,2555,2554,2491,2429,2430
2494,2556,2555,2492,2430,2431
2495,2557,2556,2493,2431,2432
2496,2558,2557,2494,2432,2433
2497,2559,2558,2495,2433,2434
2498,2560,2559,2496,2434,2435
2499,2561,2560,2497,2435,2436
2500,2562,2561,2498,2436,2437
2501,2563,2562,2499,2437,2438
2502,2564,2563,2500,2438,2439
2503,2565,2564,2501,2439,2440
2504,2566,2565,2502,2440,2441
2505,2567,2566,2503,2441,2442
2506,2568,2567,2504,2442,2443
2507,2569,2568,2505,2443,2444
2508,2570,2569,2506,2444,2445
2509,2571,2570,2507,2445,2446
2510,2572,2571,2508,2446,2447
2511,2573,2572,2509,2447,2448
2512,2574,2573,2510,2448,2449
2513,2575,2574,2511,2449,2450
2514,2576,2575,2512,2450,2451
2515,2577,2576,2513,2451,2452
2516,2578,2577,2514,2452,2453
2517,2579,2578,2515,2453,2454
2518,2580,2579,2516,2454,2455
2519,2581,2580,2517,2455,2456
2520,2582,2581,2518,2456,2457
2458,2583,2582,2519,2457,2395
2522,2584,2646,2583,2458,2459
2523,2585,2584,2521,2459,2460
2524,2586,2585,2522,2460,2461
2525,2587,2586,2523,2461,2462
2526,2588,2587,2524,2462,2463
2527,2589,2588,2525,2463,2464
2528,2590,2589,2526,2464,2465
2529,2591,2590,2527,2465,2466
2530,2592,2591,2528,2466,2467
2531,2593,2592,2529,2467,2468
2532,2594,2593,2530,2468,2469
2533,2595,2594,2531,2469,2470
2534,2596,2595,2532,2470,2471
2535,2597,2596,2533,2471,2472
2536,2598,2597,2534,2472,2473
2537,2599,2598,2535,2473,2474
2538,2600,2599,2536,2474,2475
2539,2601,2600,2537,2475,2476
2540,2602,2601,2538,2476,2477
2541,2603,2602,2539,2477,2478
2542,2604,2603,2540,2478,2479
2543,2605,2604,2541,2479,2480
2544,2606,2605,2542,2480,2481
2545,2607,2606,2543,2481,2482
2546,2608,2607,2544,2482,2483
2547,2609,2608,2545,2483,2484
2548,2610,2609,2546,2484,2485
2549,2611,2610,2547,2485,2486
2550,2612,2611,2548,2486,2487
2551,2613,2612,2549,2487,2488
2552,2614,2613,2550,2488,2489
2553,2615,2614,2551,2489,2490
2554,2616,2615,2552,2490,2491
2555,2617,2616,2553,2491,2492
2556,2618,2617,2554,2492,2493
2557,2619,2618,2555,2493,2494
2558,2620,2619,2556,2494,2495
2559,2621,2620,2557,2495,2496
2560,2622,2621,2558,2496,2497
2561,2623,2622,2559,2497,2498
2562,2624,2623,2560,2498,2499
2563,2625,2624,2561,2499,2500
2564,2626,2625,2562,2500,2501
2565,2627,2626,2563,2501,2502
2566,2628,2627,2564,2502,2503
2567,2629,2628,2565,2503,2504
2568,2630,2629,2566,2504,2505
2569,2631,2630,2567,2505,2506
2570,2632,2631,2568,2506,2507
2571,2633,2632,2569,2507,2508
2572,2634,2633,2570,2508,2509
2573,2635,2634,2571,2509,2510
2574,2636,2635,2572,2510,2511
2575,2637,2636,2573,2511,2512
2576,2638,2637,2574,2512,2513
2577,2639,2638,2575,2513,2514
2578,2640,2639,2576,2514,2515
2579,2641,2640,2577,2515,2516
2580,2642,2641,2578,2516,2517
2581,2643,2642,2579,2517,2518
2582,2644,2643,2580,2518,2519
2583,2645,2644,2581,2519,2520
2521,2646,2645,2582,2520,2458
2585,2647,2709,2646,2521,2522
2586,2648,2647,2584,2522,2523
2587,2649,2648,2585,2523,2524
2588,2650,2649,2586,2524,2525
2589,2651,2650,2587,2525,2526
2590,2652,2651,2588,2526,2527
2591,2653,2652,2589,2527,2528
2592,2654,2653,2590,2528,2529
2593,2655,2654,2591,2529,2530
2594,2656,2655,2592,2530,2531
2595,2657,2656,2593,2531,2532
2596,2658,2657,2594,2532,2533
2597,2659,2658,2595,2533,2534
2598,2660,2659,2596,2534,2535
2599,2661,2660,2597,2535,2536
2600,2662,2661,2598,2536,2537
2601,2663,2662,2599,2537,2538
2602,2664,2663,2600,2538,2539
2603,2665,2664,2601,2539,2540
2604,2666,2665,2602,2540,2541
2605,2667,2666,2603,2541,2542
2606,2668,2667,2604,2542,2543
2607,2669,2668,2605,2543,2544
2608,2670,2669,2606,2544,2545
2609,2671,2670,2607,2545,2546
2610,2672,2671,2608,2546,2547
2611,2673,2672,2609,2547,2548
2612,2674,2673,2610,2548,2549
2613,2675,2674,2611,2549,2550
2614,2676,2675,2612,2550,2551
2615,2677,2676,2613,2551,2552
2616,2678,2677,2614,2552,2553
2617,2679,2678,2615,2553,2554
2618,2680,2679,2616,2554,2555
2619,2681,2680,2617,2555,2556
2620,2682,2681,2618,2556,2557
2621,2683,2682,2619,2557,2558
2622,2684,2683,2620,2558,2559
2623,2685,2684,2621,2559,2560
2624,2686,2685,2622,2560,2561
2625,2687,2686,2623,2561,2562
2626,2688,2687,2624,2562,2563
2627,2689,2688,2625,2563,2564
2628,2690,2689,2626,2564,2565
2629,2691,2690,2627,2565,2566
2630,2692,2691,2628,2566,2567
2631,2693,2692,2629,2567,2568
2632,2694,2693,2630,2568,2569
2633,2695,2694,2631,2569,2570
2634,2696,2695,2632,2570,2571
2635,2697,2696,2633,2571,2572
2636,2698,2697,2634,2572,2573
2637,2699,2698,2635,2573,2574
2638,2700,2699,2636,2574,2575
2639,2701,2700,2637,2575,2576
2640,2702,2701,2638,2576,2577
2641,2703,2702,2639,2577,2578
2642,2704,2703,2640,2578,2579
2643,2705,2704,2641,2579,2580
2644,2706,2705,2642,2580,2581
2645,2707,2706,2643,2581,2582
2646,2708,2707,2644,2582,2583
2584,2709,2708,2645,2583,2521
2648,2710,2772,2709,2584,2585
2649,2711,2710,2647,2585,2586
2650,2712,2711,2648,2586,2587
2651,2713,2712,2649,2587,2588
2652,2714,2713,2650,2588,2589
2653,2715,2714,2651,2589,2590
2654,2716,2715,2652,2590,2591
2655,2717,2716,2653,2591,2592
2656,2718,2717,2654,2592,2593
2657,2719,2718,2655,2593,2594
2658,2720,2719,2656,2594,2595
2659,2721,2720,2657,2595,2596
2660,2722,2721,2658,2596,2597
2661,2723,2722,2659,2597,2598
2662,2724,2723,2660,2598,2599
2663,2725,2724,2661,2599,2600
2664,2726,2725,2662,2600,2601
2665,2727,2726,2663,2601,2602
2666,2728,2727,2664,2602,2603
2667,2729,2728,2665,2603,2604
2668,2730,2729,2666,2604,2605
2669,2731,2730,2667,2605,2606
2670,2732,2731,2668,2606,2607
2671,2733,2732,2669,2607,2608
2672,2734,2733,2670,2608,2609
2673,2735,2734,2671,2609,2610
2674,2736,2735,2672,2610,2611
2675,2737,2736,2673,2611,2612
2676,2738,2737,2674,2612,2613
2677,2739,2738,2675,2613,2614
2678,2740,2739,2676,2614,2615
2679,2741,2740,2677,2615,2616
2680,2742,2741,2678,2616,2617
2681,2743,2742,2679,2617,2618
2682,2744,2743,2680,2618,2619
2683,2745,2744,2681,2619,2620
2684,2746,2745,2682,2620,2621
2685,2747,2746,2683,2621,2622
2686,2748,2747,2684,2622,2623
2687,2749,2748,2685,2623,2624
2688,2750,2749,2686,2624,2625
2689,2751,2750,2687,2625,2626
2690,2752,2751,2688,2626,2627
2691,2753,2752,2689,2627,2628
2692,2754,2753,2690,2628,2629
2693,2755,2754,2691,2629,2630
2694,2756,2755,2692,2630,2631
2695,2757,2756,2693,2631,2632
2696,2758,2757,2694,2632,2633
2697,2759,2758,2695,2633,2634
2698,2760,2759,2696,2634,2635
2699,2761,2760,2697,2635,2636
2700,2762,2761,2698,2636,2637
2701,2763,2762,2699,2637,2638
2702,2764,2763,2700,2638,2639
2703,2765,2764,2701,2639,2640
2704,2766,2765,2702,2640,2641
2705,2767,2766,2703,2641,2642
2706,2768,2767,2704,2642,2643
2707,2769,2768,2705,2643,2644
2708,2770,2769,2706,2644,2645
2709,2771,2770,2707,2645,2646
2647,2772,2771,2708,2646,2584
2711,2773,2835,2772,2647,2648
2712,2774,2773,2710,2648,2649
2713,2775,2774,2711,2649,2650
2714,2776,2775,2712,2650,2651
2715,2777,2776,2713,2651,2652
2716,2778,2777,2714,2652,2653
2717,2779,2778,2715,2653,2654
2718,2780,2779,2716,2654,2655
2719,2781,2780,2717,2655,2656
2720,2782,2781,2718,2656,2657
2721,2783,2782,2719,2657,2658
2722,2784,2783,2720,2658,2659
2723,2785,2784,2721,2659,2660
2724,2786,2785,2722,2660,2661
2725,2787,2786,2723,2661,2662
2726,2788,2787,2724,2662,2663
2727,2789,2788,2725,2663,2664
2728,2790,2789,2726,2664,2665
2729,2791,2790,2727,2665,2666
2730,2792,2791,2728,2666,2667
2731,2793,2792,2729,2667,2668
2732,2794,2793,2730,2668,2669
2733,2795,2794,2731,2669,2670
2734,2796,2795,2732,2670,2671
2735,2797,2796,2733,2671,2672
2736,2798,2797,2734,2672,2673
2737,2799,2798,2735,2673,2674
2738,2800,2799,2736,2674,2675
2739,2801,2800,2737,2675,2676
2740,2802,2801,2738,2676,2677
2741,2803,2802,2739,2677,2678
2742,2804,2803,2740,2678,2679
2743,2805,2804,2741,2679,2680
2744,2806,2805,2742,2680,2681
2745,2807,2806,2743,2681,2682
2746,2808,2807,2744,2682,2683
2747,2809,2808,2745,2683,2684
2748,2810,2809,2746,2684,2685
2749,2811,2810,2747,2685,2686
2750,2812,2811,2748,2686,2687
2751,2813,2812,2749,2687,2688
2752,2814,2813,2750,2688,2689
2753,2815,2814,2751,2689,2690
2754,2816,2815,2752,2690,2691
2755,2817,2816,2753,2691,2692
2756,2818,2817,2754,2692,2693
2757,2819,2818,2755,2693,2694
2758,2820,2819,2756,2694,2695
2759,2821,2820,2757,2695,2696
2760,2822,2821,2758,2696,2697
2761,2823,2822,2759,2697,2698
2762,2824,2823,2760,2698,2699
2763,2825,2824,2761,2699,2700
2764,2826,2825,2762,2700,2701
2765,2827,2826,2763,2701,2702
2766,2828,2827,2764,2702,2703
2767,2829,2828,2765,2703,2704
2768,2830,2829,2766,2704,2705
2769,2831,2830,2767,2705,2706
2770,2832,2831,2768,2706,2707
2771,2833,2832,2769,2707,2708
2772,2834,2833,2770,2708,2709
2710,2835,2834,2771,2709,2647
2774,2836,2898,2835,2710,2711
2775,2837,2836,2773,2711,2712
2776,2838,2837,2774,2712,2713
2777,2839,2838,2775,2713,2714
2778,2840,2839,2776,2714,2715
2779,2841,2840,2777,2715,2716
2780,2842,2841,2778,2716,2717
2781,2843,2842,2779,2717,2718
2782,2844,2843,2780,2718,2719
2783,2845,2844,2781,2719,2720
2784,2846,2845,2782,2720,2721
2785,2847,2846,2783,2721,2722
2786,2848,2847,2784,2722,2723
2787,2849,2848,2785,2723,2724
2788,2850,2849,2786,2724,2725
2789,2851,2850,2787,2725,2726
2790,2852,2851,2788,2726,2727
2791,2853,2852,2789,2727,2728
2792,2854,2853,2790,2728,2729
2793,2855,2854,2791,2729,2730
2794,2856,2855,2792,2730,2731
2795,2857,2856,2793,2731,2732
2796,2858,2857,2794,2732,2733
2797,2859,2858,2795,2733,2734
2798,2860,2859,2796,2734,2735
2799,2861,2860,2797,2735,2736
2800,2862,2861,2798,2736,2737
2801,2863,2862,2799,2737,2738
2802,2864,2863,2800,2738,2739
2803,2865,2864,2801,2739,2740
2804,2866,2865,2802,2740,2741
2805,2867,2866,2803,2741,2742
2806,2868,2867,2804,2742,2743
2807,2869,2868,2805,2743,2744
2808,2870,2869,2806,2744,2745
2809,2871,2870,2807,2745,2746
2810,2872,2871,2808,2746,2747
2811,2873,2872,2809,2747,2748
2812,2874,2873,2810,2748,2749
2813,2875,2874,2811,2749,2750
2814,2876,2875,2812,2750,2751
2815,2877,2876,2813,2751,2752
2816,2878,2877,2814,2752,2753
2817,2879,2878,2815,2753,2754
2818,2880,2879,2816,2754,2755
2819,2881,2880,2817,2755,2756
2820,2882,2881,2818,2756,2757
2821,2883,2882,2819,2757,2758
2822,2884,2883,2820,2758,2759
2823,2885,2884,2821,2759,2760
2824,2886,2885,2822,2760,2761
2825,2887,2886,2823,2761,2762
2826,2888,2887,2824,2762,2763
2827,2889,2888,2825,2763,2764
2828,2890,2889,2826,2764,2765
2829,2891,2890,2827,2765,2766
2830,2892,2891,2828,2766,2767
2831,2893,2892,2829,2767,2768
2832,2894,2893,2830,2768,2769
2833,2895,2894,2831,2769,2770
2834,2896,2895,2832,2770,2771
2835,2897,2896,2833,2771,2772
2773,2898,2897,2834,2772,2710
2837,2899,2961,2898,2773,2774
2838,2900,2899,2836,2774,2775
2839,2901,2900,2837,2775,2776
2840,2902,2901,2838,2776,2777
2841,2903,2902,2839,2777,2778
2842,2904,2903,2840,2778,2779
2843,2905,2904,2841,2779,2780
2844,2906,2905,2842,2780,2781
2845,2907,2906,2843,2781,2782
2846,2908,2907,2844,2782,2783
2847,2909,2908,2845,2783,2784
2848,2910,2909,2846,2784,2785
2849,2911,2910,2847,2785,2786
2850,2912,2911,2848,2786,2787
2851,2913,2912,2849,2787,2788
2852,2914,2913,2850,2788,2789
2853,2915,2914,2851,2789,2790
2854,2916,2915,2852,2790,2791
2855,2917,2916,2853,2791,2792
2856,2918,2917,2854,2792,2793
2857,2919,2918,2855,2793,2794
2858,2920,2919,2856,2794,2795
2859,2921,2920,2857,2795,2796
2860,2922,2921,2858,2796,2797
2861,2923,2922,2859,2797,2798
2862,2924,2923,2860,2798,2799
2863,2925,2924,2861,2799,2800
2864,2926,2925,2862,2800,2801
2865,2927,2926,2863,2801,2802
2866,2928,2927,2864,2802,2803
2867,2929,2928,2865,2803,2804
2868,2930,2929,2866,2804,2805
2869,2931,2930,2867,2805,2806
2870,2932,2931,2868,2806,2807
2871,2933,2932,2869,2807,2808
2872,2934,2933,2870,2808,2809
2873,2935,2934,2871,2809,2810
2874,2936,2935,2872,2810,2811
2875,2937,2936,2873,2811,2812
2876,2938,2937,2874,2812,2813
2877,2939,2938,2875,2813,2814
2878,2940,2939,2876,2814,2815
2879,2941,2940,2877,2815,2816
2880,2942,2941,2878,2816,2817
2881,2943,2942,2879,2817,2818
2882,2944,2943,2880,2818,2819
2883,2945,2944,2881,2819,2820
2884,2946,2945,2882,2820,2821
2885,2947,2946,2883,2821,2822
2886,2948,2947,2884,2822,2823
2887,2949,2948,2885,2823,2824
2888,2950,2949,2886,2824,2825
2889,2951,2950,2887,2825,2826
2890,2952,2951,2888,2826,2827
2891,2953,2952,2889,2827,2828
2892,2954,2953,2890,2828,2829
2893,2955,2954,2891,2829,2830
2894,2956,2955,2892,2830,2831
2895,2957,2956,2893,2831,2832
2896,2958,2957,2894,2832,2833
2897,2959,2958,2895,2833,2834
2898,2960,2959,2896,2834,2835
2836,2961,2960,2897,2835,2773
2900,2962,3024,2961,2836,2837
2901,2963,2962,2899,2837,2838
2902,2964,2963,2900,2838,2839
2903,2965,2964,2901,2839,2840
2904,2966,2965,2902,2840,2841
2905,2967,2966,2903,2841,2842
2906,2968,2967,2904,2842,2843
2907,2969,2968,2905,2843,2844
2908,2970,2969,2906,2844,2845
2909,2971,2970,2907,2845,2846
2910,2972,2971,2908,2846,2847
2911,2973,2972,2909,2847,2848
2912,2974,2973,2910,2848,2849
2913,2975,2974,2911,2849,2850
2914,2976,2975,2912,2850,2851
2915,2977,2976,2913,2851,2852
2916,2978,2977,2914,2852,2853
2917,2979,2978,2915,2853,2854
2918,2980,2979,2916,2854,2855
2919,2981,2980,2917,2855,2856
2920,2982,2981,2918,2856,2857
2921,2983,2982,2919,2857,2858
2922,2984,2983,2920,2858,2859
2923,2985,2984,2921,2859,2860
2924,2986,2985,2922,2860,2861
2925,2987,2986,2923,2861,2862
2926,2988,2987,2924,2862,2863
2927,2989,2988,2925,2863,2864
2928,2990,2989,2926,2864,2865
2929,2991,2990,2927,2865,2866
2930,2992,2991,2928,2866,2867
2931,2993,2992,2929,2867,2868
2932,2994,2993,2930,2868,2869
2933,2995,2994,2931,2869,2870
2934,2996,2995,2932,2870,2871
2935,2997,2996,2933,2871,2872
2936,2998,2997,2934,2872,2873
2937,2999,2998,2935,2873,2874
2938,3000,2999,2936,2874,2875
2939,3001,3000,2937,2875,2876
2940,3002,3001,2938,2876,2877
2941,3003,3002,2939,2877,2878
2942,3004,3003,2940,2878,2879
2943,3005,3004,2941,2879,2880
2944,3006,3005,2942,2880,2881
2945,3007,3006,2943,2881,2882
2946,3008,3007,2944,2882,2883
2947,3009,3008,2945,2883,2884
2948,3010,3009,2946,2884,2885
2949,3011,3010,2947,2885,2886
2950,3012,3011,2948,2886,2887
2951,3013,3012,2949,2887,2888
2952,3014,3013,2950,2888,2889
2953,3015,3014,2951,2889,2890
2954,3016,3015,2952,2890,2891
2955,3017,3016,2953,2891,2892
2956,3018,3017,2954,2892,2893
2957,3019,3018,2955,2893,2894
2958,3020,3019,2956,2894,2895
2959,3021,3020,2957,2895,2896
2960,3022,3021,2958,2896,2897
2961,3023,3022,2959,2897,2898
2899,3024,3023,2960,2898,2836
2963,3025,3087,3024,2899,2900
2964,3026,3025,2962,2900,2901
2965,3027,3026,2963,2901,2902
2966,3028,3027,2964,2902,2903
2967,3029,3028,2965,2903,2904
2968,3030,3029,2966,2904,2905
2969,3031,3030,2967,2905,2906
2970,3032,3031,2968,2906,2907
2971,3033,3032,2969,2907,2908
2972,3034,3033,2970,2908,2909
2973,3035,3034,2971,2909,2910
2974,3036,3035,2972,2910,2911
2975,3037,3036,2973,2911,2912
2976,3038,3037,2974,2912,2913
2977,3039,3038,2975,2913,2914
2978,3040,3039,2976,2914,2915
2979,3041,3040,2977,2915,2916
2980,3042,3041,2978,2916,2917
2981,3043,3042,2979,2917,2918
2982,3044,3043,2980,2918,2919
2983,3045,3044,2981,2919,2920
2984,3046,3045,2982,2920,2921
2985,3047,3046,2983,2921,2922
2986,3048,3047,2984,2922,2923
2987,3049,3048,2985,2923,2924
2988,3050,3049,2986,2924,2925
2989,3051,3050,2987,2925,2926
2990,3052,3051,2988,2926,2927
2991,3053,3052,2989,2927,2928
2992,3054,3053,2990,2928,2929
2993,3055,3054,2991,2929,2930
2994,3056,3055,2992,2930,2931
2995,3057,3056,2993,2931,2932
2996,3058,3057,2994,2932,2933
2997,3059,3058,2995,2933,2934
2998,3060,3059,2996,2934,2935
2999,3061,3060,2997,2935,2936
3000,3062,3061,2998,2936,2937
3001,3063,3062,2999,2937,2938
3002,3064,3063,3000,2938,2939
3003,3065,3064,3001,2939,2940
3004,3066,3065,3002,2940,2941
3005,3067,3066,3003,2941,2942
3006,3068,3067,3004,2942,2943
3007,3069,3068,3005,2943,2944
3008,3070,3069,3006,2944,2945
3009,3071,3070,3007,2945,2946
3010,3072,3071,3008,2946,2947
3011,3073,3072,3009,2947,2948
3012,3074,3073,3010,2948,2949
3013,3075,3074,3011,2949,2950
3014,3076,3075,3012,2950,2951
3015,3077,3076,3013,2951,2952
3016,3078,3077,3014,2952,2953
3017,3079,3078,3015,2953,2954
3018,3080,3079,3016,2954,2955
3019,3081,3080,3017,2955,2956
3020,3082,3081,3018,2956,2957
3021,3083,3082,3019,2957,2958
3022,3084,3083,3020,2958,2959
3023,3085,3084,3021,2959,2960
3024,3086,3085,3022,2960,2961
2962,3087,3086,3023,2961,2899
3026,3088,3150,3087,2962,2963
3027,3089,3088,3025,2963,2964
3028,3090,3089,3026,2964,2965
3029,3091,3090,3027,2965,2966
3030,3092,3091,3028,2966,2967
3031,3093,3092,3029,2967,2968
3032,3094,3093,3030,2968,2969
3033,3095,3094,3031,2969,2970
3034,3096,3095,3032,2970,2971
3035,3097,3096,3033,2971,2972
3036,3098,3097,3034,2972,2973
3037,3099,3098,3035,2973,2974
3038,3100,3099,3036,2974,2975
3039,3101,3100,3037,2975,2976
3040,3102,3101,3038,2976,2977
3041,3103,3102,3039,2977,2978
3042,3104,3103,3040,2978,2979
3043,3105,3104,3041,2979,2980
3044,3106,3105,3042,2980,2981
3045,3107,3106,3043,2981,2982
3046,3108,3107,3044,2982,2983
3047,3109,3108,3045,2983,2984
3048,3110,3109,3046,2984,2985
3049,3111,3110,3047,2985,2986
3050,3112,3111,3048,2986,2987
3051,3113,3112,3049,2987,2988
3052,3114,3113,3050,2988,2989
3053,3115,3114,3051,2989,2990
3054,3116,3115,3052,2990,2991
3055,3117,3116,3053,2991,2992
3056,3118,3117,3054,2992,2993
3057,3119,3118,3055,2993,2994
3058,3120,3119,3056,2994,2995
3059,3121,3120,3057,2995,2996
3060,3122,3121,3058,2996,2997
3061,3123,3122,3059,2997,2998
3062,3124,3123,3060,2998,2999
3063,3125,3124,3061,2999,3000
3064,3126,3125,3062,3000,3001
3065,3127,3126,3063,3001,3002
3066,3128,3127,3064,3002,3003
3067,3129,3128,3065,3003,3004
3068,3130,3129,3066,3004,3005
3069,3131,3130,3067,3005,3006
3070,3132,3131,3068,3006,3007
3071,3133,3132,3069,3007,3008
3072,3134,3133,3070,3008,3009
3073,3135,3134,3071,3009,3010
3074,3136,3135,3072,3010,3011
3075,3137,3136,3073,3011,3012
3076,3138,3137,3074,3012,3013
3077,3139,3138,3075,3013,3014
3078,3140,3139,3076,3014,3015
3079,3141,3140,3077,3015,3016
3080,3142,3141,3078,3016,3017
3081,3143,3142,3079,3017,3018
3082,3144,3143,3080,3018,3019
3083,3145,3144,3081,3019,3020
3084,3146,3145,3082,3020,3021
3085,3147,3146,3083,3021,3022
3086,3148,3147,3084,3022,3023
3087,3149,3148,3085,3023,3024
3025,3150,3149,3086,3024,2962
3089,3151,3213,3150,3025,3026
3090,3152,3151,3088,3026,3027
3091,3153,3152,3089,3027,3028
3092,3154,3153,3090,3028,3029
3093,3155,3154,3091,3029,3030
3094,3156,3155,3092,3030,3031
3095,3157,3156,3093,3031,3032
3096,3158,3157,3094,3032,3033
3097,3159,3158,3095,3033,3034
3098,3160,3159,3096,3034,3035
3099,3161,3160,3097,3035,3036
3100,3162,3161,3098,3036,3037
3101,3163,3162,3099,3037,3038
3102,3164,3163,3100,3038,3039
3103,3165,3164,3101,3039,3040
3104,3166,3165,3102,3040,3041
3105,3167,3166,3103,3041,3042
3106,3168,3167,3104,3042,3043
3107,3169,3168,3105,3043,3044
3108,3170,3169,3106,3044,3045
3109,3171,3170,3107,3045,3046
3110,3172,3171,3108,3046,3047
3111,3173,3172,3109,3047,3048
3112,3174,3173,3110,3048,3049
3113,3175,3174,3111,3049,3050
3114,3176,3175,3112,3050,3051
3115,3177,3176,3113,3051,3052
3116,3178,3177,3114,3052,3053
3117,3179,3178,3115,3053,3054
3118,3180,3179,3116,3054,3055
3119,3181,3180,3117,3055,3056
3120,3182,3181,3118,3056,3057
3121,3183,3182,3119,3057,3058
3122,3184,3183,3120,3058,3059
3123,3185,3184,3121,3059,3060
3124,3186,3185,3122,3060,3061
3125,3187,3186,3123,3061,3062
3126,3188,3187,3124,3062,3063
3127,3189,3188,3125,3063,3064
3128,3190,3189,3126,3064,3065
3129,3191,3190,3127,3065,3066
3130,3192,3191,3128,3066,3067
3131,3193,3192,3129,3067,3068
3132,3194,3193,3130,3068,3069
3133,3195,3194,3131,3069,3070
3134,3196,3195,3132,3070,3071
3135,3197,3196,3133,3071,3072
3136,3198,3197,3134,3072,3073
3137,3199,3198,3135,3073,3074
3138,3200,3199,3136,3074,3075
3139,3201,3200,3137,3075,3076
3140,3202,3201,3138,3076,3077
3141,3203,3202,3139,3077,3078
3142,3204,3203,3140,3078,3079
3143,3205,3204,3141,3079,3080
3144,3206,3205,3142,3080,3081
3145,3207,3206,3143,3081,3082
3146,3208,3207,3144,3082,3083
3147,3209,3208,3145,3083,3084
3148,3210,3209,3146,3084,3085
3149,3211,3210,3147,3085,3086
3150,3212,3211,3148,3086,3087
3088,3213,3212,3149,3087,3025
3152,3214,3276,3213,3088,3089
3153,3215,3214,3151,3089,3090
3154,3216,3215,3152,3090,3091
3155,3217,3216,3153,3091,3092
3156,3218,3217,3154,3092,3093
3157,3219,3218,3155,3093,3094
3158,3220,3219,3156,3094,3095
3159,3221,3220,3157,3095,3096
3160,3222,3221,3158,3096,3097
3161,3223,3222,3159,3097,3098
3162,3224,3223,3160,3098,3099
3163,3225,3224,3161,3099,3100
3164,3226,3225,3162,3100,3101
3165,3227,3226,3163,3101,3102
3166,3228,3227,3164,3102,3103
3167,3229,3228,3165,3103,3104
3168,3230,3229,3166,3104,3105
3169,3231,3230,3167,3105,3106
3170,3232,3231,3168,3106,3107
3171,3233,3232,3169,3107,3108
3172,3234,3233,3170,3108,3109
3173,3235,3234,3171,3109,3110
3174,3236,3235,3172,3110,3111
3175,3237,3236,3173,3111,3112
3176,3238,3237,3174,3112,3113
3177,3239,3238,3175,3113,3114
3178,3240,3239,3176,3114,3115
3179,3241,3240,3177,3115,3116
3180,3242,3241,3178,3116,3117
3181,3243,3242,3179,3117,3118
3182,3244,3243,3180,3118,3119
3183,3245,3244,3181,3119,3120
3184,3246,3245,3182,3120,3121
3185,3247,3246,3183,3121,3122
3186,3248,3247,3184,3122,3123
3187,3249,3248,3185,3123,3124
3188,3250,3249,3186,3124,3125
3189,3251,3250,3187,3125,3126
3190,3252,3251,3188,3126,3127
3191,3253,3252,3189,3127,3128
3192,3254,3253,3190,3128,3129
3193,3255,3254,3191,3129,3130
3194,3256,3255,3192,3130,3131
3195,3257,3256,3193,3131,3132
3196,3258,3257,3194,3132,3133
3197,3259,3258,3195,3133,3134
3198,3260,3259,3196,3134,3135
3199,3261,3260,3197,3135,3136
3200,3262,3261,3198,3136,3137
3201,3263,3262,3199,3137,3138
3202,3264,3263,3200,3138,3139
3203,3265,3264,3201,3139,3140
3204,3266,3265,3202,3140,3141
3205,3267,3266,3203,3141,3142
3206,3268,3267,3204,3142,3143
3207,3269,3268,3205,3143,3144
3208,3270,3269,3206,3144,3145
3209,3271,3270,3207,3145,3146
3210,3272,3271,3208,3146,3147
3211,3273,3272,3209,3147,3148
3212,3274,3273,3210,3148,3149
3213,3275,3274,3211,3149,3150
3151,3276,3275,3212,3150,3088
3215,3277,3339,3276,3151,3152
3216,3278,3277,3214,3152,3153
3217,3279,3278,3215,3153,3154
3218,3280,3279,3216,3154,3155
3219,3281,3280,3217,3155,3156
3220,3282,3281,3218,3156,3157
3221,3283,3282,3219,3157,3158
3222,3284,3283,3220,3158,3159
3223,3285,3284,3221,3159,3160
3224,3286,3285,3222,3160,3161
3225,3287,3286,3223,3161,3162
3226,3288,3287,3224,3162,3163
3227,3289,3288,3225,3163,3164
3228,3290,3289,3226,3164,3165
3229,3291,3290,3227,3165,3166
3230,3292,3291,3228,3166,3167
3231,3293,3292,3229,3167,3168
3232,3294,3293,3230,3168,3169
3233,3295,3294,3231,3169,3170
3234,3296,3295,3232,3170,3171
3235,3297,3296,3233,3171,3172
3236,3298,3297,3234,3172,3173
3237,3299,3298,3235,3173,3174
3238,3300,3299,3236,3174,3175
3239,3301,3300,3237,3175,3176
3240,3302,3301,3238,3176,3177
3241,3303,3302,3239,3177,3178
3242,3304,3303,3240,3178,3179
3243,3305,3304,3241,3179,3180
3244,3306,3305,3242,3180,3181
3245,3307,3306,3243,3181,3182
3246,3308,3307,3244,3182,3183
3247,3309,3308,3245,3183,3184
3248,3310,3309,3246,3184,3185
3249,3311,3310,3247,3185,3186
3250,3312,3311,3248,3186,3187
3251,3313,3312,3249,3187,3188
3252,3314,3313,3250,3188,3189
3253,3315,3314,3251,3189,3190
3254,3316,3315,3252,3190,3191
3255,3317,3316,3253,3191,3192
3256,3318,3317,3254,3192,3193
3257,3319,3318,3255,3193,3194
3258,3320,3319,3256,3194,3195
3259,3321,3320,3257,3195,3196
3260,3322,3321,3258,3196,3197
3261,3323,3322,3259,3197,3198
3262,3324,3323,3260,3198,3199
3263,3325,3324,3261,3199,3200
3264,3326,3325,3262,3200,3201
3265,3327,3326,3263,3201,3202
3266,3328,3327,3264,3202,3203
3267,3329,3328,3265,3203,3204
3268,3330,3329,3266,3204,3205
3269,3331,3330,3267,3205,3206
3270,3332,3331,3268,3206,3207
3271,3333,3332,3269,3207,3208
3272,3334,3333,3270,3208,3209
3273,3335,3334,3271,3209,3210
3274,3336,3335,3272,3210,3211
3275,3337,3336,3273,3211,3212
3276,3338,3337,3274,3212,3213
3214,3339,3338,3275,3213,3151
3278,3340,3402,3339,3214,3215
3279,3341,3340,3277,3215,3216
3280,3342,3341,3278,3216,3217
3281,3343,3342,3279,3217,3218
3282,3344,3343,3280,3218,3219
3283,3345,3344,3281,3219,3220
3284,3346,3345,3282,3220,3221
3285,3347,3346,3283,3221,3222
3286,3348,3347,3284,3222,3223
3287,3349,3348,3285,3223,3224
3288,3350,3349,3286,3224,3225
3289,3351,3350,3287,3225,3226
3290,3352,3351,3288,3226,3227
3291,3353,3352,3289,3227,3228
3292,3354,3353,3290,3228,3229
3293,3355,3354,3291,3229,3230
3294,3356,3355,3292,3230,3231
3295,3357,3356,3293,3231,3232
3296,3358,3357,3294,3232,3233
3297,3359,3358,3295,3233,3234
3298,3360,3359,3296,3234,3235
3299,3361,3360,3297,3235,3236
3300,3362,3361,3298,3236,3237
3301,3363,3362,3299,3237,3238
3302,3364,3363,3300,3238,3239
3303,3365,3364,3301,3239,3240
3304,3366,3365,3302,3240,3241
3305,3367,3366,3303,3241,3242
3306,3368,3367,3304,3242,3243
3307,3369,3368,3305,3243,3244
3308,3370,3369,3306,3244,3245
3309,3371,3370,3307,3245,3246
3310,3372,3371,3308,3246,3247
3311,3373,3372,3309,3247,3248
3312,3374,3373,3310,3248,3249
3313,3375,3374,3311,3249,3250
3314,3376,3375,3312,3250,3251
3315,3377,3376,3313,3251,3252
3316,3378,3377,3314,3252,3253
3317,3379,3378,3315,3253,3254
3318,3380,3379,3316,3254,3255
3319,3381,3380,3317,3255,3256
3320,3382,3381,3318,3256,3257
3321,3383,3382,3319,3257,3258
3322,3384,3383,3320,3258,3259
3323,3385,3384,3321,3259,3260
3324,3386,3385,3322,3260,3261
3325,3387,3386,3323,3261,3262
3326,3388,3387,3324,3262,3263
3327,3389,3388,3325,3263,3264
3328,3390,3389,3326,3264,3265
3329,3391,3390,3327,3265,3266
3330,3392,3391,3328,3266,3267
3331,3393,3392,3329,3267,3268
3332,3394,3393,3330,3268,3269
3333,3395,3394,3331,3269,3270
3334,3396,3395,3332,3270,3271
3335,3397,3396,3333,3271,3272
3336,3398,3397,3334,3272,3273
3337,3399,3398,3335,3273,3274
3338,3400,3399,3336,3274,3275
3339,3401,3400,3337,3275,3276
3277,3402,3401,3338,3276,3214
3341,3403,3465,3402,3277,3278
3342,3404,3403,3340,3278,3279
3343,3405,3404,3341,3279,3280
3344,3406,3405,3342,3280,3281
3345,3407,3406,3343,3281,3282
3346,3408,3407,3344,3282,3283
3347,3409,3408,3345,3283,3284
3348,3410,3409,3346,3284,3285
3349,3411,3410,3347,3285,3286
3350,3412,3411,3348,3286,3287
3351,3413,3412,3349,3287,3288
3352,3414,3413,3350,3288,3289
3353,3415,3414,3351,3289,3290
3354,3416,3415,3352,3290,3291
3355,3417,3416,3353,3291,3292
3356,3418,3417,3354,3292,3293
3357,3419,3418,3355,3293,3294
3358,3420,3419,3356,3294,3295
3359,3421,3420,3357,3295,3296
3360,3422,3421,3358,3296,3297
3361,3423,3422,3359,3297,3298
3362,3424,3423,3360,3298,3299
3363,3425,3424,3361,3299,3300
3364,3426,3425,3362,3300,3301
3365,3427,3426,3363,3301,3302
3366,3428,3427,3364,3302,3303
3367,3429,3428,3365,3303,3304
3368,3430,3429,3366,3304,3305
3369,3431,3430,3367,3305,3306
3370,3432,3431,3368,3306,3307
3371,3433,3432,3369,3307,3308
3372,3434,3433,3370,3308,3309
3373,3435,3434,3371,3309,3310
3374,3436,3435,3372,3310,3311
3375,3437,3436,3373,3311,3312
3376,3438,3437,3374,3312,3313
3377,3439,3438,3375,3313,3314
3378,3440,3439,3376,3314,3315
3379,3441,3440,3377,3315,3316
3380,3442,3441,3378,3316,3317
3381,3443,3442,3379,3317,3318
3382,3444,3443,3380,3318,3319
3383,3445,3444,3381,3319,3320
3384,3446,3445,3382,3320,3321
3385,3447,3446,3383,3321,3322
3386,3448,3447,3384,3322,3323
3387,3449,3448,3385,3323,3324
3388,3450,3449,3386,3324,3325
3389,3451,3450,3387,3325,3326
3390,3452,3451,3388,3326,3327
3391,3453,3452,3389,3327,3328
3392,3454,3453,3390,3328,3329
3393,3455,3454,3391,3329,3330
3394,3456,3455,3392,3330,3331
3395,3457,3456,3393,3331,3332
3396,3458,3457,3394,3332,3333
3397,3459,3458,3395,3333,3334
3398,3460,3459,3396,3334,3335
3399,3461,3460,3397,3335,3336
3400,3462,3461,3398,3336,3337
3401,3463,3462,3399,3337,3338
3402,3464,3463,3400,3338,3339
3340,3465,3464,3401,3339,3277
3404,3466,3528,3465,3340,3341
3405,3467,3466,3403,3341,3342
3406,3468,3467,3404,3342,3343
3407,3469,3468,3405,3343,3344
3408,3470,3469,3406,3344,3345
3409,3471,3470,3407,3345,3346
3410,3472,3471,3408,3346,3347
3411,3473,3472,3409,3347,3348
3412,3474,3473,3410,3348,3349
3413,3475,3474,3411,3349,3350
3414,3476,3475,3412,3350,3351
3415,3477,3476,3413,3351,3352
3416,3478,3477,3414,3352,3353
3417,3479,3478,3415,3353,3354
3418,3480,3479,3416,3354,3355
3419,3481,3480,3417,3355,3356
3420,3482,3481,3418,3356,3357
3421,3483,3482,3419,3357,3358
3422,3484,3483,3420,3358,3359
3423,3485,3484,3421,3359,3360
3424,3486,3485,3422,3360,3361
3425,3487,3486,3423,3361,3362
3426,3488,3487,3424,3362,3363
3427,3489,3488,3425,3363,3364
3428,3490,3489,3426,3364,3365
3429,3491,3490,3427,3365,3366
3430,3492,3491,3428,3366,3367
3431,3493,3492,3429,3367,3368
3432,3494,3493,3430,3368,3369
3433,3495,3494,3431,3369,3370
3434,3496,3495,3432,3370,3371
3435,3497,3496,3433,3371,3372
3436,3498,3497,3434,3372,3373
3437,3499,3498,3435,3373,3374
3438,3500,3499,3436,3374,3375
3439,3501,3500,3437,3375,3376
3440,3502,3501,3438,3376,3377
3441,3503,3502,3439,3377,3378
3442,3504,3503,3440,3378,3379
3443,3505,3504,3441,3379,3380
3444,3506,3505,3442,3380,3381
3445,3507,3506,3443,3381,3382
3446,3508,3507,3444,3382,3383
3447,3509,3508,3445,3383,3384
3448,3510,3509,3446,3384,3385
3449,3511,3510,3447,3385,3386
3450,3512,3511,3448,3386,3387
3451,3513,3512,3449,3387,3388
3452,3514,3513,3450,3388,3389
3453,3515,3514,3451,3389,3390
3454,3516,3515,3452,3390,3391
3455,3517,3516,3453,3391,3392
3456,3518,3517,3454,3392,3393
3457,3519,3518,3455,3393,3394
3458,3520,3519,3456,3394,3395
3459,3521,3520,3457,3395,3396
3460,3522,3521,3458,3396,3397
3461,3523,3522,3459,3397,3398
3462,3524,3523,3460,3398,3399
3463,3525,3524,3461,3399,3400
3464,3526,3525,3462,3400,3401
3465,3527,3526,3463,3401,3402
3403,3528,3527,3464,3402,3340
3467,3529,3591,3528,3403,3404
3468,3530,3529,3466,3404,3405
3469,3531,3530,3467,3405,3406
3470,3532,3531,3468,3406,3407
3471,3533,3532,3469,3407,3408
3472,3534,3533,3470,3408,3409
3473,3535,3534,3471,3409,3410
3474,3536,3535,3472,3410,3411
3475,3537,3536,3473,3411,3412
3476,3538,3537,3474,3412,3413
3477,3539,3538,3475,3413,3414
3478,3540,3539,3476,3414,3415
3479,3541,3540,3477,3415,3416
3480,3542,3541,3478,3416,3417
3481,3543,3542,3479,3417,3418
3482,3544,3543,3480,3418,3419
3483,3545,3544,3481,3419,3420
3484,3546,3545,3482,3420,3421
3485,3547,3546,3483,3421,3422
3486,3548,3547,3484,3422,3423
3487,3549,3548,3485,3423,3424
3488,3550,3549,3486,3424,3425
3489,3551,3550,3487,3425,3426
3490,3552,3551,3488,3426,3427
3491,3553,3552,3489,3427,3428
3492,3554,3553,3490,3428,3429
3493,3555,3554,3491,3429,3430
3494,3556,3555,3492,3430,3431
3495,3557,3556,3493,3431,3432
3496,3558,3557,3494,3432,3433
3497,3559,3558,3495,3433,3434
3498,3560,3559,3496,3434,3435
3499,3561,3560,3497,3435,3436
3500,3562,3561,3498,3436,3437
3501,3563,3562,3499,3437,3438
3502,3564,3563,3500,3438,3439
3503,3565,3564,3501,3439,3440
3504,3566,3565,3502,3440,3441
3505,3567,3566,3503,3441,3442
3506,3568,3567,3504,3442,3443
3507,3569,3568,3505,3443,3444
3508,3570,3569,3506,3444,3445
3509,3571,3570,3507,3445,3446
3510,3572,3571,3508,3446,3447
3511,3573,3572,3509,3447,3448
3512,3574,3573,3510,3448,3449
3513,3575,3574,3511,3449,3450
3514,3576,3575,3512,3450,3451
3515,3577,3576,3513,3451,3452
3516,3578,3577,3514,3452,3453
3517,3579,3578,3515,3453,3454
3518,3580,3579,3516,3454,3455
3519,3581,3580,3517,3455,3456
3520,3582,3581,3518,3456,3457
3521,3583,3582,3519,3457,3458
3522,3584,3583,3520,3458,3459
3523,3585,3584,3521,3459,3460
3524,3586,3585,3522,3460,3461
3525,3587,3586,3523,3461,3462
3526,3588,3587,3524,3462,3463
3527,3589,3588,3525,3463,3464
3528,3590,3589,3526,3464,3465
3466,3591,3590,3527,3465,3403
3530,3592,3654,3591,3466,3467
3531,3593,3592,3529,3467,3468
3532,3594,3593,3530,3468,3469
3533,3595,3594,3531,3469,3470
3534,3596,3595,3532,3470,3471
3535,3597,3596,3533,3471,3472
3536,3598,3597,3534,3472,3473
3537,3599,3598,3535,3473,3474
3538,3600,3599,3536,3474,3475
3539,3601,3600,3537,3475,3476
3540,3602,3601,3538,3476,3477
3541,3603,3602,3539,3477,3478
3542,3604,3603,3540,3478,3479
3543,3605,3604,3541,3479,3480
3544,3606,3605,3542,3480,3481
3545,3607,3606,3543,3481,3482
3546,3608,3607,3544,3482,3483
3547,3609,3608,3545,3483,3484
3548,3610,3609,3546,3484,3485
3549,3611,3610,3547,3485,3486
3550,3612,3611,3548,3486,3487
3551,3613,3612,3549,3487,3488
3552,3614,3613,3550,3488,3489
3553,3615,3614,3551,3489,3490
3554,3616,3615,3552,3490,3491
3555,3617,3616,3553,3491,3492
3556,3618,3617,3554,3492,3493
3557,3619,3618,3555,3493,3494
3558,3620,3619,3556,3494,3495
3559,3621,3620,3557,3495,3496
3560,3622,3621,3558,3496,3497
3561,3623,3622,3559,3497,3498
3562,3624,3623,3560,3498,3499
3563,3625,3624,3561,3499,3500
3564,3626,3625,3562,3500,3501
3565,3627,3626,3563,3501,3502
3566,3628,3627,3564,3502,3503
3567,3629,3628,3565,3503,3504
3568,3630,3629,3566,3504,3505
3569,3631,3630,3567,3505,3506
3570,3632,3631,3568,3506,3507
3571,3633,3632,3569,3507,3508
3572,3634,3633,3570,3508,3509
3573,3635,3634,3571,3509,3510
3574,3636,3635,3572,3510,3511
3575,3637,3636,3573,3511,3512
3576,3638,3637,3574,3512,3513
3577,3639,3638,3575,3513,3514
3578,3640,3639,3576,3514,3515
3579,3641,3640,3577,3515,3516
3580,3642,3641,3578,3516,3517
3581,3643,3642,3579,3517,3518
3582,3644,3643,3580,3518,3519
3583,3645,3644,3581,3519,3520
3584,3646,3645,3582,3520,3521
3585,3647,3646,3583,3521,3522
3586,3648,3647,3584,3522,3523
3587,3649,3648,3585,3523,3524
3588,3650,3649,3586,3524,3525
3589,3651,3650,3587,3525,3526
3590,3652,3651,3588,3526,3527
3591,3653,3652,3589,3527,3528
3529,3654,3653,3590,3528,3466
3593,3655,3717,3654,3529,3530
3594,3656,3655,3592,3530,3531
3595,3657,3656,3593,3531,3532
3596,3658,3657,3594,3532,3533
3597,3659,3658,3595,3533,3534
3598,3660,3659,3596,3534,3535
3599,3661,3660,3597,3535,3536
3600,3662,3661,3598,3536,3537
3601,3663,3662,3599,3537,3538
3602,3664,3663,3600,3538,3539
3603,3665,3664,3601,3539,3540
3604,3666,3665,3602,3540,3541
3605,3667,3666,3603,3541,3542
3606,3668,3667,3604,3542,3543
3607,3669,3668,3605,3543,3544
3608,3670,3669,3606,3544,3545
3609,3671,3670,3607,3545,3546
3610,3672,3671,3608,3546,3547
3611,3673,3672,3609,3547,3548
3612,3674,3673,3610,3548,3549
3613,3675,3674,3611,3549,3550
3614,3676,3675,3612,3550,3551
3615,3677,3676,3613,3551,3552
3616,3678,3677,3614,3552,3553
3617,3679,3678,3615,3553,3554
3618,3680,3679,3616,3554,3555
3619,3681,3680,3617,3555,3556
3620,3682,3681,3618,3556,3557
3621,3683,3682,3619,3557,3558
3622,3684,3683,3620,3558,3559
3623,3685,3684,3621,3559,3560
3624,3686,3685,3622,3560,3561
3625,3687,3686,3623,3561,3562
3626,3688,3687,3624,3562,3563
3627,3689,3688,3625,3563,3564
3628,3690,3689,3626,3564,3565
3629,3691,3690,3627,3565,3566
3630,3692,3691,3628,3566,3567
3631,3693,3692,3629,3567,3568
3632,3694,3693,3630,3568,3569
3633,3695,3694,3631,3569,3570
3634,3696,3695,3632,3570,3571
3635,3697,3696,3633,3571,3572
3636,3698,3697,3634,3572,3573
3637,3699,3698,3635,3573,3574
3638,3700,3699,3636,3574,3575
3639,3701,3700,3637,3575,3576
3640,3702,3701,3638,3576,3577
3641,3703,3702,3639,3577,3578
3642,3704,3703,3640,3578,3579
3643,3705,3704,3641,3579,3580
3644,3706,3705,3642,3580,3581
3645,3707,3706,3643,3581,3582
3646,3708,3707,3644,3582,3583
3647,3709,3708,3645,3583,3584
3648,3710,3709,3646,3584,3585
3649,3711,3710,3647,3585,3586
3650,3712,3711,3648,3586,3587
3651,3713,3712,3649,3587,3588
3652,3714,3713,3650,3588,3589
3653,3715,3714,3651,3589,3590
3654,3716,3715,3652,3590,3591
3592,3717,3716,3653,3591,3529
3656,3718,3780,3717,3592,3593
3657,3719,3718,3655,3593,3594
3658,3720,3719,3656,3594,3595
3659,3721,3720,3657,3595,3596
3660,3722,3721,3658,3596,3597
3661,3723,3722,3659,3597,3598
3662,3724,3723,3660,3598,3599
3663,3725,3724,3661,3599,3600
3664,3726,3725,3662,3600,3601
3665,3727,3726,3663,3601,3602
3666,3728,3727,3664,3602,3603
3667,3729,3728,3665,3603,3604
3668,3730,3729,3666,3604,3605
3669,3731,3730,3667,3605,3606
3670,3732,3731,3668,3606,3607
3671,3733,3732,3669,3607,3608
3672,3734,3733,3670,3608,3609
3673,3735,3734,3671,3609,3610
3674,3736,3735,3672,3610,3611
3675,3737,3736,3673,3611,3612
3676,3738,3737,3674,3612,3613
3677,3739,3738,3675,3613,3614
3678,3740,3739,3676,3614,3615
3679,3741,3740,3677,3615,3616
3680,3742,3741,3678,3616,3617
3681,3743,3742,3679,3617,3618
3682,3744,3743,3680,3618,3619
3683,3745,3744,3681,3619,3620
3684,3746,3745,3682,3620,3621
3685,3747,3746,3683,3621,3622
3686,3748,3747,3684,3622,3623
3687,3749,3748,3685,3623,3624
3688,3750,3749,3686,3624,3625
3689,3751,3750,3687,3625,3626
3690,3752,3751,3688,3626,3627
3691,3753,3752,3689,3627,3628
3692,3754,3753,3690,3628,3629
3693,3755,3754,3691,3629,3630
3694,3756,3755,3692,3630,3631
3695,3757,3756,3693,3631,3632
3696,3758,3757,3694,3632,3633
3697,3759,3758,3695,3633,3634
3698,3760,3759,3696,3634,3635
3699,3761,3760,3697,3635,3636
3700,3762,3761,3698,3636,3637
3701,3763,3762,3699,3637,3638
3702,3764,3763,3700,3638,3639
3703,3765,3764,3701,3639,3640
3704,3766,3765,3702,3640,3641
3705,3767,3766,3703,3641,3642
3706,3768,3767,3704,3642,3643
3707,3769,3768,3705,3643,3644
3708,3770,3769,3706,3644,3645
3709,3771,3770,3707,3645,3646
3710,3772,3771,3708,3646,3647
3711,3773,3772,3709,3647,3648
3712,3774,3773,3710,3648,3649
3713,3775,3774,3711,3649,3650
3714,3776,3775,3712,3650,3651
3715,3777,3776,3713,3651,3652
3716,3778,3777,3714,3652,3653
3717,3779,3778,3715,3653,3654
3655,3780,3779,3716,3654,3592
3719,3781,3843,3780,3655,3656
3720,3782,3781,3718,3656,3657
3721,3783,3782,3719,3657,3658
3722,3784,3783,3720,3658,3659
3723,3785,3784,3721,3659,3660
3724,3786,3785,3722,3660,3661
3725,3787,3786,3723,3661,3662
3726,3788,3787,3724,3662,3663
3727,3789,3788,3725,3663,3664
3728,3790,3789,3726,3664,3665
3729,3791,3790,3727,3665,3666
3730,3792,3791,3728,3666,3667
3731,3793,3792,3729,3667,3668
3732,3794,3793,3730,3668,3669
3733,3795,3794,3731,3669,3670
3734,3796,3795,3732,3670,3671
3735,3797,3796,3733,3671,3672
3736,3798,3797,3734,3672,3673
3737,3799,3798,3735,3673,3674
3738,3800,3799,3736,3674,3675
3739,3801,3800,3737,3675,3676
3740,3802,3801,3738,3676,3677
3741,3803,3802,3739,3677,3678
3742,3804,3803,3740,3678,3679
3743,3805,3804,3741,3679,3680
3744,3806,3805,3742,3680,3681
3745,3807,3806,3743,3681,3682
3746,3808,3807,3744,3682,3683
3747,3809,3808,3745,3683,3684
3748,3810,3809,3746,3684,3685
3749,3811,3810,3747,3685,3686
3750,3812,3811,3748,3686,3687
3751,3813,3812,3749,3687,3688
3752,3814,3813,3750,3688,3689
3753,3815,3814,3751,3689,3690
3754,3816,3815,3752,3690,3691
3755,3817,3816,3753,3691,3692
3756,3818,3817,3754,3692,3693
3757,3819,3818,3755,3693,3694
3758,3820,3819,3756,3694,3695
3759,3821,3820,3757,3695,3696
3760,3822,3821,3758,3696,3697
3761,3823,3822,3759,3697,3698
3762,3824,3823,3760,3698,3699
3763,3825,3824,3761,3699,3700
3764,3826,3825,3762,3700,3701
3765,3827,3826,3763,3701,3702
3766,3828,3827,3764,3702,3703
3767,3829,3828,3765,3703,3704
3768,3830,3829,3766,3704,3705
3769,3831,3830,3767,3705,3706
3770,3832,3831,3768,3706,3707
3771,3833,3832,3769,3707,3708
3772,3834,3833,3770,3708,3709
3773,3835,3834,3771,3709,3710
3774,3836,3835,3772,3710,3711
3775,3837,3836,3773,3711,3712
3776,3838,3837,3774,3712,3713
3777,3839,3838,3775,3713,3714
3778,3840,3839,3776,3714,3715
3779,3841,3840,3777,3715,3716
3780,3842,3841,3778,3716,3717
3718,3843,3842,3779,3717,3655
3782,3844,3906,3843,3718,3719
3783,3845,3844,3781,3719,3720
3784,3846,3845,3782,3720,3721
3785,3847,3846,3783,3721,3722
3786,3848,3847,3784,3722,3723
3787,3849,3848,3785,3723,3724
3788,3850,3849,3786,3724,3725
3789,3851,3850,3787,3725,3726
3790,3852,3851,3788,3726,3727
3791,3853,3852,3789,3727,3728
3792,3854,3853,3790,3728,3729
3793,3855,3854,3791,3729,3730
3794,3856,3855,3792,3730,3731
3795,3857,3856,3793,3731,3732
3796,3858,3857,3794,3732,3733
3797,3859,3858,3795,3733,3734
3798,3860,3859,3796,3734,3735
3799,3861,3860,3797,3735,3736
3800,3862,3861,3798,3736,3737
3801,3863,3862,3799,3737,3738
3802,3864,3863,3800,3738,3739
3803,3865,3864,3801,3739,3740
3804,3866,3865,3802,3740,3741
3805,3867,3866,3803,3741,3742
3806,3868,3867,3804,3742,3743
3807,3869,3868,3805,3743,3744
3808,3870,3869,3806,3744,3745
3809,3871,3870,3807,3745,3746
3810,3872,3871,3808,3746,3747
3811,3873,3872,3809,3747,3748
3812,3874,3873,3810,3748,3749
3813,3875,3874,3811,3749,3750
3814,3876,3875,3812,3750,3751
3815,3877,3876,3813,3751,3752
3816,3878,3877,3814,3752,3753
3817,3879,3878,3815,3753,3754
3818,3880,3879,3816,3754,3755
3819,3881,3880,3817,3755,3756
3820,3882,3881,3818,3756,3757
3821,3883,3882,3819,3757,3758
3822,3884,3883,3820,3758,3759
3823,3885,3884,3821,3759,3760
3824,3886,3885,3822,3760,3761
3825,3887,3886,3823,3761,3762
3826,3888,3887,3824,3762,3763
3827,3889,3888,3825,3763,3764
3828,3890,3889,3826,3764,3765
3829,3891,3890,3827,3765,3766
3830,3892,3891,3828,3766,3767
3831,3893,3892,3829,3767,3768
3832,3894,3893,3830,3768,3769
3833,3895,3894,3831,3769,3770
3834,3896,3895,3832,3770,3771
3835,3897,3896,3833,3771,3772
3836,3898,3897,3834,3772,3773
3837,3899,3898,3835,3773,3774
3838,3900,3899,3836,3774,3775
3839,3901,3900,3837,3775,3776
3840,3902,3901,3838,3776,3777
3841,3903,3902,3839,3777,3778
3842,3904,3903,3840,3778,3779
3843,3905,3904,3841,3779,3780
3781,3906,3905,3842,3780,3718
3845,3907,3969,3906,3781,3782
3846,3908,3907,3844,3782,3783
3847,3909,3908,3845,3783,3784
3848,3910,3909,3846,3784,3785
3849,3911,3910,3847,3785,3786
3850,3912,3911,3848,3786,3787
3851,3913,3912,3849,3787,3788
3852,3914,3913,3850,3788,3789
3853,3915,3914,3851,3789,3790
3854,3916,3915,3852,3790,3791
3855,3917,3916,3853,3791,3792
3856,3918,3917,3854,3792,3793
3857,3919,3918,3855,3793,3794
3858,3920,3919,3856,3794,3795
3859,3921,3920,3857,3795,3796
3860,3922,3921,3858,3796,3797
3861,3923,3922,3859,3797,3798
3862,3924,3923,3860,3798,3799
3863,3925,3924,3861,3799,3800
3864,3926,3925,3862,3800,3801
3865,3927,3926,3863,3801,3802
3866,3928,3927,3864,3802,3803
3867,3929,3928,3865,3803,3804
3868,3930,3929,3866,3804,3805
3869,3931,3930,3867,3805,3806
3870,3932,3931,3868,3806,3807
3871,3933,3932,3869,3807,3808
3872,3934,3933,3870,3808,3809
3873,3935,3934,3871,3809,3810
3874,3936,3935,3872,3810,3811
3875,3937,3936,3873,3811,3812
3876,3938,3937,3874,3812,3813
3877,3939,3938,3875,3813,3814
3878,3940,3939,3876,3814,3815
3879,3941,3940,3877,3815,3816
3880,3942,3941,3878,3816,3817
3881,3943,3942,3879,3817,3818
3882,3944,3943,3880,3818,3819
3883,3945,3944,3881,3819,3820
3884,3946,3945,3882,3820,3821
3885,3947,3946,3883,3821,3822
3886,3948,3947,3884,3822,3823
3887,3949,3948,3885,3823,3824
3888,3950,3949,3886,3824,3825
3889,3951,3950,3887,3825,3826
3890,3952,3951,3888,3826,3827
3891,3953,3952,3889,3827,3828
3892,3954,3953,3890,3828,3829
3893,3955,3954,3891,3829,3830
3894,3956,3955,3892,3830,3831
3895,3957,3956,3893,3831,3832
3896,3958,3957,3894,3832,3833
3897,3959,3958,3895,3833,3834
3898,3960,3959,3896,3834,3835
3899,3961,3960,3897,3835,3836
3900,3962,3961,3898,3836,3837
3901,3963,3962,3899,3837,3838
3902,3964,3963,3900,3838,3839
3903,3965,3964,3901,3839,3840
3904,3966,3965,3902,3840,3841
3905,3967,3966,3903,3841,3842
3906,3968,3967,3904,3842,3843
3844,3969,3968,3905,3843,3781
3908,1,63,3969,3844,3845
3909,2,1,3907,3845,3846
3910,3,2,3908,3846,3847
3911,4,3,3909,3847,3848
3912,5,4,3910,3848,3849
3913,6,5,3911,3849,3850
3914,7,6,3912,3850,3851
3915,8,7,3913,3851,3852
3916,9,8,3914,3852,3853
3917,10,9,3915,3853,3854
3918,11,10,3916,3854,3855
3919,12,11,3917,3855,3856
3920,13,12,3918,3856,3857
3921,14,13,3919,3857,3858
3922,15,14,3920,3858,3859
3923,16,15,3921,3859,3860
3924,17,16,3922,3860,3861
3925,18,17,3923,3861,3862
3926,19,18,3924,3862,3863
3927,20,19,3925,3863,3864
3928,21,20,3926,3864,3865
3929,22,21,3927,3865,3866
3930,23,22,3928,3866,3867
3931,24,23,3929,3867,3868
3932,25,24,3930,3868,3869
3933,26,25,3931,3869,3870
3934,27,26,3932,3870,3871
3935,28,27,3933,3871,3872
3936,29,28,3934,3872,3873
3937,30,29,3935,3873,3874
3938,31,30,3936,3874,3875
3939,32,31,3937,3875,3876
3940,33,32,3938,3876,3877
3941,34,33,3939,3877,3878
3942,35,34,3940,3878,3879
3943,36,35,3941,3879,3880
3944,37,36,3942,3880,3881
3945,38,37,3943,3881,3882
3946,39,38,3944,3882,3883
3947,40,39,3945,3883,3884
3948,41,40,3946,3884,3885
3949,42,41,3947,3885,3886
3950,43,42,3948,3886,3887
3951,44,43,3949,3887,3888
3952,45,44,3950,3888,3889
3953,46,45,3951,3889,3890
3954,47,46,3952,3890,3891
3955,48,47,3953,3891,3892
3956,49,48,3954,3892,3893
3957,50,49,3955,3893,3894
3958,51,50,3956,3894,3895
3959,52,51,3957,3895,3896
3960,53,52,3958,3896,3897
3961,54,53,3959,3897,3898
3962,55,54,3960,3898,3899
3963,56,55,3961,3899,3900
3964,57,56,3962,3900,3901
3965,58,57,3963,3901,3902
3966,59,58,3964,3902,3903
3967,60,59,3965,3903,3904
3968,61,60,3966,3904,3905
3969,62,61,3967,3905,3906
3907,63,62,3968,3906,3844
